code,price,product,seller
"







3660035



",$557.00,"Movado Connect 2.0 Unisex Powered with Wear OS by Google Stainless Steel and Stainless Steel Smartwatch, Color: Silver (Model: 3660035)",Amazon
"







3660027



",$487.00,"Movado Connect 2.0 Unisex Powered with Wear OS by Google Stainless Steel and Ionic Plated Carnation Gold Steel Smartwatch, Color: Carnation (Model: 3660027)",Amazon
"







3660026



",$556.00,"Movado Connect 2.0 Unisex Powered with Wear OS by Google Stainless Steel and Ionic Light Gold 2 Plated Steel Smartwatch, Color: Yellow (Model: 3660026)",Amazon
"







605023



",$295.90,Movado Men's 605023 Juro Stainless-Steel Watch,Watchsavings
"







3600517



",$306.90,Movado Bold Sport Chronograph Quartz Black Dial Men's Watch 3600517,Watchsavings
"







3600517



",$457.00,Movado Bold Sport Chronograph Quartz Black Dial Men's Watch 3600517,Todays Deals
"







3660032



",$695.00,"Movado Connect 2.0 Unisex Powered with Wear OS by Google Stainless Steel and Stainless Steel Smartwatch, Color: Silver (Model: 3660032)",Amazon
"







607158



",$262.90,Movado Ultra Slim Gold Dial Ladies Watch 0607158,Watchsavings
"







607158



",$287.62,Movado Ultra Slim Gold Dial Ladies Watch 0607158,Horology Outlet
"







607158



",$299.00,Movado Ultra Slim Gold Dial Ladies Watch 0607158,Todays Deals
"







0607376



",$383.90,Movado Men's Ultra Slim Yellow Pvd Case with a Grey Dial on a Grey Calfskin Strap (Model:0607376),Altman Luggage Co.
"







0607013



",$346.50,Movado Mens Museum Classic Analog Business Quartz Watch (Imported) 0607013,Todays Deals
"







3600610



",$595.00,Movado Blue Stainless Steel Case (Model: 3600610),Amazon
"







3600560



",$555.00,Movado Stainless Steel Case (Model: 3600560),RM JEWELRY
"







3600560



",$565.00,Movado Stainless Steel Case (Model: 3600560),Daily Fashion Craze
"







607167



",$795.00,"Movado Men's Ultra Slim Stainless Steel Watch with a Printed Index Dial, Black/Silver (Model 607167)",Daily Fashion Craze
"







607167



",$895.00,"Movado Men's Ultra Slim Stainless Steel Watch with a Printed Index Dial, Black/Silver (Model 607167)",Zappos
"







3600382



",$345.00,Movado Women's Swiss Quartz Tone and Gold Plated Watch(Model: 3600382),Authenticwatchesoutlet
"







2600143



",$439.00,Movado Men's Series 800,WatchMall
"







2600143



",$459.22,Movado Men's Series 800,Watchsavings
"







2600143



",$698.00,Movado Men's Series 800,Pass the Watch
"







607349



",$795.00,"Movado Museum, Stainless Steel Case (Model: 607349)",Zappos
"







607270



",$299.00,"Movado Men's Museum Stainless Steel Watch with Concave Dot, Silver/Blue/Black Strap (Model 607270)",Imperial123
"







607270



",$329.00,"Movado Men's Museum Stainless Steel Watch with Concave Dot, Silver/Blue/Black Strap (Model 607270)",Platinum-Deals
"







607270



",$349.95,"Movado Men's Museum Stainless Steel Watch with Concave Dot, Silver/Blue/Black Strap (Model 607270)",Angel Seller
"







607270



",$495.00,"Movado Men's Museum Stainless Steel Watch with Concave Dot, Silver/Blue/Black Strap (Model 607270)",Zappos
"







0606893



",$279.76,Movado Women's Swiss Quartz Stainless Steel Casual Watch (Model: 0606893),WatchMaxx
"







0606893



",$333.60,Movado Women's Swiss Quartz Stainless Steel Casual Watch (Model: 0606893),"Amijag Ecom, LLC"
"







0606893



",$334.16,Movado Women's Swiss Quartz Stainless Steel Casual Watch (Model: 0606893),Todays Deals
"







3600519



",$399.00,"Movado Bold, Stainless Steel Case, Silver Dial, Two Tone Stainless Steel Bracelet, Women, 3600519",Luxuryfreeshop
"







3600519



",$549.00,"Movado Bold, Stainless Steel Case, Silver Dial, Two Tone Stainless Steel Bracelet, Women, 3600519",RM JEWELRY
"







3600305



",$299.24,"Movado Men's BOLD TR90 Watch with a Sunray Dot and Leather Strap, Black/Gold (Model 3600305)",Daily Fashion Craze
"







3600305



",$299.99,"Movado Men's BOLD TR90 Watch with a Sunray Dot and Leather Strap, Black/Gold (Model 3600305)",Angel Seller
"







3660024



",$385.00,"Movado Connect 2.0 Unisex Powered with Wear OS by Google Stainless Steel and Light Grey Leather Smartwatch, Color: Grey (Model: 3660024)",Amazon
"







607220



",$499.00,"Movado Women's Museum Stainless Steel Watch with a Concave Dot Museum Dial, Black/Silver (607220)",Todays Deals
"







607220



",$499.00,"Movado Women's Museum Stainless Steel Watch with a Concave Dot Museum Dial, Black/Silver (607220)",WatchMaxx
"







607220



",$499.00,"Movado Women's Museum Stainless Steel Watch with a Concave Dot Museum Dial, Black/Silver (607220)",WatchMaxx
"







607220



",$625.50,"Movado Women's Museum Stainless Steel Watch with a Concave Dot Museum Dial, Black/Silver (607220)",Daily Fashion Craze
"







607220



",$795.00,"Movado Women's Museum Stainless Steel Watch with a Concave Dot Museum Dial, Black/Silver (607220)",Zappos
"







3600512



",$269.00,Movado Bold Quartz Movement Black Dial Men's Watch 3600512,Watchsavings
"







3600512



",$269.99,Movado Bold Quartz Movement Black Dial Men's Watch 3600512,UNOOWHOLESALE
"







3600512



",$295.90,Movado Bold Quartz Movement Black Dial Men's Watch 3600512,Daily Fashion Craze
"







3600512



",$377.00,Movado Bold Quartz Movement Black Dial Men's Watch 3600512,Daily Fashion Craze
"







3600512



",$570.00,Movado Bold Quartz Movement Black Dial Men's Watch 3600512,Pass the Watch
"







607225



",$622.36,"Movado Men's Museum Sport Stainless Steel Watch with a Printed Index Dial, Silver/Black (0607225)",Watchsavings
"







607225



",$624.35,"Movado Men's Museum Sport Stainless Steel Watch with a Printed Index Dial, Silver/Black (0607225)",Todays Deals
"







607225



",$919.00,"Movado Men's Museum Sport Stainless Steel Watch with a Printed Index Dial, Silver/Black (0607225)",RM JEWELRY
"







0607014



",$595.00,Movado Mens Museum Classic Analog Business Quartz Watch (Imported) 0607014,Daily Fashion Craze
"







3600476



",$355.95,Movado Bold Ink Blue Sunray Dial Mens Chronograph Watch 3600476,WatchMaxx
"







3600476



",$355.95,Movado Bold Ink Blue Sunray Dial Mens Chronograph Watch 3600476,WatchMaxx
"







3600476



",$409.61,Movado Bold Ink Blue Sunray Dial Mens Chronograph Watch 3600476,Todays Deals
"







3600476



",$597.20,Movado Bold Ink Blue Sunray Dial Mens Chronograph Watch 3600476,GoldNtime
"







606116



",$328.90,Movado Junior Sport Blue Dial Stainless Steel Mens Watch 0606116,Watchsavings
"







3600387



",$314.00,"Movado Women's Swiss-Quartz Watch with Gold-Plated-Stainless-Steel Strap, Rose, 14.5 (Model: 3600387)",Horology Outlet
"







3600387



",$349.00,"Movado Women's Swiss-Quartz Watch with Gold-Plated-Stainless-Steel Strap, Rose, 14.5 (Model: 3600387)",Authenticwatchesoutlet
"







3660016



",$530.00,"Movado Connect Digital Smart Module Stainless Steel Smartwatch, Silver/Black Strap (Model 3660016)",JEM Shop
"







605024



",$296.01,Movado Women's 605024 Juro Stainless-Steel Watch,Watchsavings
"







605024



",$297.00,Movado Women's 605024 Juro Stainless-Steel Watch,Pass the Watch
"







3600458



",$142.99,Movado Women's Bold - 3600458 Rose Gold One Size,Watchsavings
"







3600388



",$419.20,"Movado Women's BOLD Iconic Metal Blue PVD Watch with a Flat Dot Sunray Dial, Blue (Model 3600388)",Daily Fashion Craze
"







3600388



",$419.95,"Movado Women's BOLD Iconic Metal Blue PVD Watch with a Flat Dot Sunray Dial, Blue (Model 3600388)",Todays Deals
"







3600388



",$426.93,"Movado Women's BOLD Iconic Metal Blue PVD Watch with a Flat Dot Sunray Dial, Blue (Model 3600388)",WatchMaxx
"







3600388



",$645.00,"Movado Women's BOLD Iconic Metal Blue PVD Watch with a Flat Dot Sunray Dial, Blue (Model 3600388)",RM JEWELRY
"







3600617



",$260.00,USA Jet Plain Iron on patch,Watchsavings
"







3600617



",$431.19,USA Jet Plain Iron on patch,Horology Outlet
"







607200



",$995.00,"Movado Men's Museum Two Tone Watch with a Concave Dot Museum Dial, Gold/Silver/Black (Model 607200)",Zappos
"







0607277



",$293.00,Movado Stiri Stainless Steel Black Dial Watch 0607277,Luxury Bazaar
"







0606888



",$273.90,Movado Women's 0606888 Analog Display Swiss Quartz Gold Watch,Watchsavings
"







0606888



",$290.10,Movado Women's 0606888 Analog Display Swiss Quartz Gold Watch,Daily Fashion Craze
"







0606888



",$329.00,Movado Women's 0606888 Analog Display Swiss Quartz Gold Watch,Luxury Bazaar
"







0606888



",$329.00,Movado Women's 0606888 Analog Display Swiss Quartz Gold Watch,Luxury Bazaar
"







0606888



",$400.00,Movado Women's 0606888 Analog Display Swiss Quartz Gold Watch,Pass the Watch
"







0606888



",$687.20,Movado Women's 0606888 Analog Display Swiss Quartz Gold Watch,GoldNtime
"







607269



",$329.00,"Movado Men's Museum Stainless Steel Watch with Concave Dot Museum Dial, Silver/Black Strap (607269)",Imperial123
"







607269



",$349.95,"Movado Men's Museum Stainless Steel Watch with Concave Dot Museum Dial, Silver/Black Strap (607269)",Angel Seller
"







607269



",$494.25,"Movado Men's Museum Stainless Steel Watch with Concave Dot Museum Dial, Silver/Black Strap (607269)",Daily Fashion Craze
"







607269



",$495.00,"Movado Men's Museum Stainless Steel Watch with Concave Dot Museum Dial, Silver/Black Strap (607269)",Zappos
"







607269



",$499.00,"Movado Men's Museum Stainless Steel Watch with Concave Dot Museum Dial, Silver/Black Strap (607269)",RM JEWELRY
"







3600537



",$298.01,"Movado Bold, Ionic Plated Black Steel Case, Black Dial, Cognac Leather Strap, 3600537",Watchsavings
"







3600537



",$299.00,"Movado Bold, Ionic Plated Black Steel Case, Black Dial, Cognac Leather Strap, 3600537",Luxuryfreeshop
"







3600537



",$313.12,"Movado Bold, Ionic Plated Black Steel Case, Black Dial, Cognac Leather Strap, 3600537",Todays Deals
"







3600537



",$318.21,"Movado Bold, Ionic Plated Black Steel Case, Black Dial, Cognac Leather Strap, 3600537",WatchMaxx
"







3600258



",$529.99,"Movado Men's BOLD Metals Yellow Gold Watch with a Printed Index Dial, Gold (Model 3600258)",Angel Seller
"







0607356



",$328.90,Movado Modern Classic Quartz Movement Blue Dial Men's Watch 0607356,Watchsavings
"







606042



",$399.00,Movado Men's 606042 Esperanza Stainless-Steel Watch,Platinum-Deals
"







606042



",$995.00,Movado Men's 606042 Esperanza Stainless-Steel Watch,"Amijag Ecom, LLC"
"







3600307



",$283.51,"Movado Men's BOLD TR90 Watch with Sunray Dot and Leather Strap, Black/Blue (Model 3600307)",Daily Fashion Craze
"







3600307



",$284.26,"Movado Men's BOLD TR90 Watch with Sunray Dot and Leather Strap, Black/Blue (Model 3600307)",WatchMaxx
"







3600307



",$387.20,"Movado Men's BOLD TR90 Watch with Sunray Dot and Leather Strap, Black/Blue (Model 3600307)",GoldNtime
"







3660034



",$487.00,"Movado Connect 2.0 Unisex Powered with Wear OS by Google Stainless Steel and Ionic Plated Black Steel Smartwatch, Color: Black (Model: 3660034)",Amazon
"







3600414



",$149.01,"Movado Women's Stainless Steel Swiss-Quartz Watch with Rubber Strap, Pink, 19 (Model: 3600414)",Watchsavings
"







3600414



",$150.00,"Movado Women's Stainless Steel Swiss-Quartz Watch with Rubber Strap, Pink, 19 (Model: 3600414)",Pass the Watch
"







3600414



",$155.67,"Movado Women's Stainless Steel Swiss-Quartz Watch with Rubber Strap, Pink, 19 (Model: 3600414)",Horology Outlet
"







3600427



",$178.57,Movado Bold Silver Dial Blue Rubber Strap Women's Watch 3600427,WatchMaxx
"







3600427



",$178.57,Movado Bold Silver Dial Blue Rubber Strap Women's Watch 3600427,WatchMaxx
"







3600427



",$349.00,Movado Bold Silver Dial Blue Rubber Strap Women's Watch 3600427,AUTHENTICWATCHES COM
"







607196



",$434.61,Movado Museum Classic Black Dial Men's Watch 0607196,Global Precious Brands LLC
"







607196



",$439.00,Movado Museum Classic Black Dial Men's Watch 0607196,Luxury Bazaar
"







0607199



",$499.99,"Movado Men's Museum Stainless Steel Watch with Concave Dot Museum Dial, Silver/Black (Model 607199)",Angel Seller
"







3600433



",$386.90,"Movado Women's BOLD Iconic Metal Stainless Watch with a Flat Dot Sunray Dial, Silver/Grey (3600433)",WatchMaxx
"







3600433



",$445.50,"Movado Women's BOLD Iconic Metal Stainless Watch with a Flat Dot Sunray Dial, Silver/Grey (3600433)",Daily Fashion Craze
"







3600433



",$499.00,"Movado Women's BOLD Iconic Metal Stainless Watch with a Flat Dot Sunray Dial, Silver/Grey (3600433)",RM JEWELRY
"







3600639



",$416.50,Movado Bold Ceramic Rose Gold-Tone Metallic Dial Ladies Watch 3600639,Todays Deals
"







3600639



",$599.00,Movado Bold Ceramic Rose Gold-Tone Metallic Dial Ladies Watch 3600639,RM JEWELRY
"







3600508



",$625.50,Movado Men's Bold Evolution Lyg Watch (Model: 3600508),Zappos
"







3600508



",$675.00,Movado Men's Bold Evolution Lyg Watch (Model: 3600508),RM JEWELRY
"







3600508



",$695.00,Movado Men's Bold Evolution Lyg Watch (Model: 3600508),Amazon
"







0606595



",$289.00,"Movado Women's 0606595 ""Bela"" Stainless Steel Bangle Watch",Luxury Bazaar
"







3660022



",$550.00,"Movado Connect 2.0 Unisex Powered with Wear OS by Google Stainless Steel and Black Leather Smartwatch, Color: Black (Model: 3660022)",Amazon
"







3600534



",$609.00,Movado Women's Bold Ceramic Watch (Model: 3600534),RM JEWELRY
"







3600534



",$695.00,Movado Women's Bold Ceramic Watch (Model: 3600534),Amazon
"







607087



",$385.55,"Movado Men's Ultra Slim Yellow Gold Watch with a Printed Index Dial, Black/Gold (Model 607087)",Global Precious Brands LLC
"







3660029



",$385.00,"Movado Connect 2.0 Unisex Powered with Wear OS by Google Stainless Steel and Black Leather Smartwatch, Color: Black (Model: 3660029)",Amazon
"







3600483



",$399.00,Movado Bold Black Dial Ladies Watch 3600483,AUTHENTICWATCHES COM
"







0607087



",$435.00,Movado Men's Ultra Slim Black Dial Watch 0607087,Luxury Bazaar
"







0607087



",$439.00,Movado Men's Ultra Slim Black Dial Watch 0607087,Luxury Bazaar
"







607378



",$399.99,"Movado Ultra Slim, Black PVD Case, Grey Dial, Beige Leather Strap, Men, 0607378",Flying Fashion
"







3600567



",$399.00,"Movado Bold, Stainless Steel Case, Silver Dial, Stainless Steel Bracelet, Women, 3600567",Platinum-Deals
"







607169



",$544.50,Movado 607169,Watchsavings
"







0607278



",$499.00,Movado 0607278,Todays Deals
"







0606596



",$266.80,Movado Women's 0606596 Bela Stainless Steel Bangle Watch,Advance Buy
"







0606596



",$269.00,Movado Women's 0606596 Bela Stainless Steel Bangle Watch,Luxury Bazaar
"







0606596



",$269.00,Movado Women's 0606596 Bela Stainless Steel Bangle Watch,Luxury Bazaar
"







0606596



",$276.60,Movado Women's 0606596 Bela Stainless Steel Bangle Watch,Daily Fashion Craze
"







0606596



",$280.32,Movado Women's 0606596 Bela Stainless Steel Bangle Watch,Horology Outlet
"







0606596



",$299.00,Movado Women's 0606596 Bela Stainless Steel Bangle Watch,Watchsavings
"







0606596



",$495.00,Movado Women's 0606596 Bela Stainless Steel Bangle Watch,"Amijag Ecom, LLC"
"







0606596



",$495.00,Movado Women's 0606596 Bela Stainless Steel Bangle Watch,"Amijag Ecom, LLC"
"







3600494



",$260.00,Movado Bold Light Blue Dial Ladies Watch 3600494,Watchsavings
"







3680039



",$386.00,Movado Edge Black Dial Leather Strap 40 mm Mens Watch 3680039,WatchMaxx
"







0606691



",$399.00,Movado Women's 0606691 Movado TC Stainless Steel Bracelet Watch with Diamond-Accented Mother-of-Pearl Dial,Todays Deals
"







3600497



",$380.18,Movado Bold Quartz Movement Silver Dial Ladies Watch 3600497,Todays Deals
"







3600497



",$380.18,Movado Bold Quartz Movement Silver Dial Ladies Watch 3600497,Horology Outlet
"







3600497



",$595.00,Movado Bold Quartz Movement Silver Dial Ladies Watch 3600497,GoldNtime
"







607290



",$549.70,Movado Sport Chronograph Watch (Model: 607290),Global Precious Brands LLC
"







607290



",$999.00,Movado Sport Chronograph Watch (Model: 607290),RM JEWELRY
"







0606934



",$350.90,Movado Veturi Goldplated Stainless Steel Mens Watch 0606934,Watchsavings
"







0606934



",$368.00,Movado Veturi Goldplated Stainless Steel Mens Watch 0606934,Todays Deals
"







0606934



",$368.00,Movado Veturi Goldplated Stainless Steel Mens Watch 0606934,Pass the Watch
"







0606934



",$495.00,Movado Veturi Goldplated Stainless Steel Mens Watch 0606934,AUTHENTICWATCHES COM
"







3600084



",$363.87,"Movado Women's BOLD Iconic Metal Watch with a Flat Dot Sunray Dial, Silver/Pink/Gold (Model 3600084)",Luxuryfreeshop
"







3600084



",$365.36,"Movado Women's BOLD Iconic Metal Watch with a Flat Dot Sunray Dial, Silver/Pink/Gold (Model 3600084)",WatchMaxx
"







3600084



",$365.36,"Movado Women's BOLD Iconic Metal Watch with a Flat Dot Sunray Dial, Silver/Pink/Gold (Model 3600084)",WatchMaxx
"







3600084



",$389.99,"Movado Women's BOLD Iconic Metal Watch with a Flat Dot Sunray Dial, Silver/Pink/Gold (Model 3600084)",Angel Seller
"







3600084



",$495.00,"Movado Women's BOLD Iconic Metal Watch with a Flat Dot Sunray Dial, Silver/Pink/Gold (Model 3600084)",Daily Fashion Craze
"







3600084



",$550.00,"Movado Women's BOLD Iconic Metal Watch with a Flat Dot Sunray Dial, Silver/Pink/Gold (Model 3600084)",Zappos
"







605284



",$207.90,Movado Women's 605284 Kara Swiss Quartz Bangle Bracelet Watch,Watchsavings
"







605284



",$226.87,Movado Women's 605284 Kara Swiss Quartz Bangle Bracelet Watch,Horology Outlet
"







605284



",$239.00,Movado Women's 605284 Kara Swiss Quartz Bangle Bracelet Watch,Luxury Bazaar
"







3600493



",$389.86,"Movado Women's BOLD T-Bar Carnation Watch with a Flat Dot Crystal Dial, Pink (Model 3600493)",Daily Fashion Craze
"







3600493



",$390.61,"Movado Women's BOLD T-Bar Carnation Watch with a Flat Dot Crystal Dial, Pink (Model 3600493)",Horology Outlet
"







3600493



",$439.00,"Movado Women's BOLD T-Bar Carnation Watch with a Flat Dot Crystal Dial, Pink (Model 3600493)",Watchsavings
"







3600493



",$795.00,"Movado Women's BOLD T-Bar Carnation Watch with a Flat Dot Crystal Dial, Pink (Model 3600493)",GoldNtime
"







607220.0



",$439.00,Watch Movado Women's Museum Watch Quartz Sapphire Crystal 0607220 0607220,Luxury Bazaar
"







607220.0



",$439.00,Watch Movado Women's Museum Watch Quartz Sapphire Crystal 0607220 0607220,WatchMaxx
"







607220.0



",$645.00,Watch Movado Women's Museum Watch Quartz Sapphire Crystal 0607220 0607220,RM JEWELRY
"







3600086



",$495.00,"Movado Women's BOLD Iconic Metal Rose Gold Watch with a Flat Dot Sunray Dial, Gold/Pink (3600086)",Todays Deals
"







3600086



",$625.50,"Movado Women's BOLD Iconic Metal Rose Gold Watch with a Flat Dot Sunray Dial, Gold/Pink (3600086)",Daily Fashion Craze
"







3600086



",$629.00,"Movado Women's BOLD Iconic Metal Rose Gold Watch with a Flat Dot Sunray Dial, Gold/Pink (3600086)",RM JEWELRY
"







3600086



",$687.20,"Movado Women's BOLD Iconic Metal Rose Gold Watch with a Flat Dot Sunray Dial, Gold/Pink (3600086)",GoldNtime
"







3600599



",$399.00,"Movado Bold, Grey Ion-Plated Stainless Steel Case, Grey Dial, Grey Ion-Plated Stainless Steel Mesh Bracelet, Men, 3600599",Luxuryfreeshop
"







3600599



",$575.00,"Movado Bold, Grey Ion-Plated Stainless Steel Case, Grey Dial, Grey Ion-Plated Stainless Steel Mesh Bracelet, Men, 3600599",RM JEWELRY
"







0607350



",$372.53,Movado Museum Classic Mother of Pearl Dial Ladies Watch 0607350,Global Precious Brands LLC
"







606502



",$264.00,Movado Men's 0606502 Museum Stainless Steel Watch with Black Leather Band,Horology Outlet
"







0607249



",$499.99,Movado Stratus Quartz Movement Black Dial Men's Watches 0607249,UNOOWHOLESALE
"







0660006



","$2,495.00",Movado Women's 0660006 Analog Display Swiss Quartz Silver Smartwatch,"Amijag Ecom, LLC"
"







607360



",$646.00,Movado Museum Grey & Black Pvd Case (Model: 607360),Daily Fashion Craze
"







607360



",$646.75,Movado Museum Grey & Black Pvd Case (Model: 607360),Watchsavings
"







0607050



",$614.90,"Movado Men's Swiss-Quartz Watch with Stainless-Steel Strap, Silver, 25 (Model: 0607050)",Watchsavings
"







0607050



",$789.00,"Movado Men's Swiss-Quartz Watch with Stainless-Steel Strap, Silver, 25 (Model: 0607050)",Luxury Bazaar
"







0607050



",$800.00,"Movado Men's Swiss-Quartz Watch with Stainless-Steel Strap, Silver, 25 (Model: 0607050)",Luxury Bazaar
"







0606958



",$423.77,Movado Black Dial Two-Tone Men's Watch 0606958,Iggy's
"







0606958



",$499.99,Movado Black Dial Two-Tone Men's Watch 0606958,UNOOWHOLESALE
"







3600551



",$520.00,Movado Iconic Metal Two Tone Watch (Model: 3600551),Daily Fashion Craze
"







0607088



",$489.00,Movado Ultra Slim Blue Sunray Dial Mens Watch 0607088,Luxury Bazaar
"







0607088



",$495.00,Movado Ultra Slim Blue Sunray Dial Mens Watch 0607088,Luxury Bazaar
"







2600118



",$599.00,Movado Men's 2600118 Series 800 Black PVD Case with Black Leather Band,WatchMall
"







2600118



","$1,795.00",Movado Men's 2600118 Series 800 Black PVD Case with Black Leather Band,"Amijag Ecom, LLC"
"







0607226



",$906.50,"Movado Men's Museum Sport Gunmetal Watch with a Printed Index Dial, Grey/Black (Model 0607226)",Todays Deals
"







3600255



",$595.00,Movado Women's 3600255 Bold Gold-Tone Watch,SurfNTime
"







0607151



",$372.90,Movado Women's Aleena Two-Tone Watch (Model: 0607151),Watchsavings
"







3600210



",$556.50,Movado Women's 3600210 Bold Rose Gold-Tone Stainless Steel Bracelet Watch,Todays Deals
"







0607396



",$829.00,Movado Museum Classic - 0607396 Gold One Size,RM JEWELRY
"







0607396



",$995.00,Movado Museum Classic - 0607396 Gold One Size,Zappos
"







0607179



","$1,396.50",Movado Men's Sapphire Black Pvd Case with a Black Dial on a Black Pvd Bracelet (Model:0607179),Todays Deals
"







3600261



",$349.00,Movado Men's 3600261 Bold Analog Display Swiss Quartz Black Watch,Platinum-Deals
"







606369



",$399.00,Movado Men's Collection 0606369 Silver Metal Quartz Fashion Watch,Platinum-Deals
"







606369



",$599.00,Movado Men's Collection 0606369 Silver Metal Quartz Fashion Watch,Imperial123
"







0606370



",$317.90,Movado Blue Dial Stainless Steel Ladies Watch 0606370,Watchsavings
"







0606576



",$804.00,Movado Men's 0606576 Circa Stainless Steel Watch With Brown Leather Band,Pass the Watch
"







3680007



",$374.00,Movado Edge Black Aluminum Dial Swiss Quartz Mens Watch 3680007,Horology Outlet
"







3680007



",$382.00,Movado Edge Black Aluminum Dial Swiss Quartz Mens Watch 3680007,Pass the Watch
"







3680007



",$495.00,Movado Edge Black Aluminum Dial Swiss Quartz Mens Watch 3680007,AUTHENTICWATCHES COM
"







607268



",$549.00,Movado Museum Classic Blue Mother of Pearl Dial Two-Tone Ladies Watch 0607268,Watchsavings
"







607268



",$549.00,Movado Museum Classic Blue Mother of Pearl Dial Two-Tone Ladies Watch 0607268,Todays Deals
"







607268



",$625.00,Movado Museum Classic Blue Mother of Pearl Dial Two-Tone Ladies Watch 0607268,Pass the Watch
"







3600495



",$318.98,"Movado Men's BOLD Sport Black PVD Watch with a Printed Index Dial, Blue/Black (Model 3600495)",Watchsavings
"







3600495



",$358.00,"Movado Men's BOLD Sport Black PVD Watch with a Printed Index Dial, Blue/Black (Model 3600495)",Pass the Watch
"







0607247



",$459.81,Movado Stratus Quartz Movement Black Dial Men's Watch 607247,Watchsavings
"







0607247



",$461.80,Movado Stratus Quartz Movement Black Dial Men's Watch 607247,Flying Fashion
"







0607247



",$527.00,Movado Stratus Quartz Movement Black Dial Men's Watch 607247,Daily Fashion Craze
"







606367



",$399.00,Movado Men's Museum Watch Swiss Quartz Sapphire Crystal 606367,Todays Deals
"







0607194



",$379.00,Movado Museum Classic Watch 0607194,Luxury Bazaar
"







0607194



",$389.00,Movado Museum Classic Watch 0607194,Luxury Bazaar
"







606307



","$1,250.00",Movado Men's 606307 Stainless Steel Watch,Daily Fashion Craze
"







0607058



",$836.50,"Movado Men's Esperanza Two Tone Watch with Concave Dot Museum Dial, Silver/Gold/Black (Model 607058)",Todays Deals
"







0607058



","$1,075.50","Movado Men's Esperanza Two Tone Watch with Concave Dot Museum Dial, Silver/Gold/Black (Model 607058)",Daily Fashion Craze
"







607198



",$489.00,Movado Men's Museum Classic Black Dial Watch - 607198,Luxury Bazaar
"







3600256



",$429.95,"Movado Women's BOLD Luxe Two Tone Watch with Roman Index Dial, Silver/Gold (Model 3600256)",Angel Seller
"







3600256



",$449.99,"Movado Women's BOLD Luxe Two Tone Watch with Roman Index Dial, Silver/Gold (Model 3600256)",WhoIsCamera
"







3600430



",$195.78,Movado Women's Bold - 3600430 Stainless Steel/Rose Gold Ion-Plated One Size,Watchsavings
"







3600430



",$275.00,Movado Women's Bold - 3600430 Stainless Steel/Rose Gold Ion-Plated One Size,Todays Deals
"







3600474



",$219.00,Movado Bold Yellow Gold Sunray Dial Ladies Leather Watch 3600474,WatchMall
"







3600474



",$219.00,Movado Bold Yellow Gold Sunray Dial Ladies Leather Watch 3600474,Todays Deals
"







3600507



",$299.00,"Movado Men's BOLD Evolution Grey PVD Watch with a Flat Dot Sunray Dial, Grey/Blue (Model 3600507)",Luxuryfreeshop
"







3600507



",$299.00,"Movado Men's BOLD Evolution Grey PVD Watch with a Flat Dot Sunray Dial, Grey/Blue (Model 3600507)",Todays Deals
"







3600507



",$495.00,"Movado Men's BOLD Evolution Grey PVD Watch with a Flat Dot Sunray Dial, Grey/Blue (Model 3600507)",Zappos
"







607267



",$549.00,Movado Museum Classic Blue Dial Two-Tone Men's Watch 0607267,Watchsavings
"







607267



",$549.00,Movado Museum Classic Blue Dial Two-Tone Men's Watch 0607267,Todays Deals
"







3600580



",$399.00,"Movado Bold, Yellow Gold Ion-Plated Stainless Steel Case, Gold Dial, Yellow Gold Ion-Plated Stainless Steel Mesh Bracelet, Women, 3600580",Imperial123
"







3600580



",$599.00,"Movado Bold, Yellow Gold Ion-Plated Stainless Steel Case, Gold Dial, Yellow Gold Ion-Plated Stainless Steel Mesh Bracelet, Women, 3600580",RM JEWELRY
"







607200



",$695.00,Movado Men's Museum Classic Black Dial Two-Tone Watch 0607200,Luxury Bazaar
"







0607202



","$1,295.00","Movado Museum, Stainless Steel Yellow Pvd Case, Black Dial, Stainless Steel Bracelet, Men, 0607202",Daily Fashion Craze
"







3600516



",$416.00,"Movado Men's BOLD Sport PVD Chronograph Watch with a Printed Index Dial, Black/Blue (Model 3600516)",WatchMaxx
"







3600516



",$416.00,"Movado Men's BOLD Sport PVD Chronograph Watch with a Printed Index Dial, Black/Blue (Model 3600516)",WatchMaxx
"







0607153



",$495.00,Movado Amorosa Stainless Watch (Model: 0607153),Zappos
"







3600500



",$373.60,Movado Bold Quartz Movement Gunmetal Dial Ladies Watch 3600500,Todays Deals
"







3600500



",$373.60,Movado Bold Quartz Movement Gunmetal Dial Ladies Watch 3600500,Daily Fashion Craze
"







3600500



",$426.31,Movado Bold Quartz Movement Gunmetal Dial Ladies Watch 3600500,Horology Outlet
"







607015



",$274.56,Movado Ladies Museum Classic Analog Business Quartz Watch (Imported) 0607015,Global Precious Brands LLC
"







607015



",$314.88,Movado Ladies Museum Classic Analog Business Quartz Watch (Imported) 0607015,Horology Outlet
"







3650029



",$695.00,Movado Heritage Black Dial Mens Chronograph Watch 3650029,AUTHENTICWATCHES COM
"







3600446



",$207.90,Movado Women's Bold - 3600446 Silver/Rose Gold Tone One Size,Watchsavings
"







3600446



",$260.00,Movado Women's Bold - 3600446 Silver/Rose Gold Tone One Size,Pass the Watch
"







606948



",$239.80,Movado Kara Quartz Black Dial Ladies Watch 0606948,Watchsavings
"







607171



",$647.90,"Movado Ultra Slim, Stainless Steel Case, White Dial, Stainless Steel Bracelet, Women, 0607171",Watchsavings
"







607402



",$384.99,"Movado Ultra Slim, Pale Rose Gold PVD Case, Blue Dial, Navy Leather Strap, Women, 0607402",Watchsavings
"







0606335



",$344.00,Movado-0606335,WatchMaxx
"







0607351



",$493.90,Ladies' Movado Museum Classic Mother-of-Pearl Dial Gold-Tone Mesh Bracelet Watch 0607351,Watchsavings
"







3680024



",$732.67,Movado Edge Copper Tone Dial Stainless Steel Men's Watch 3680024,Todays Deals
"







606379



",$399.00,"Movado Men's 606379 ""Luno Sport"" Stainless Steel Bracelet Watch",Todays Deals
"







606379



",$499.95,"Movado Men's 606379 ""Luno Sport"" Stainless Steel Bracelet Watch",LuxuryExpo
"







3600443



",$351.00,"Movado Men's Stainless Steel Swiss-Quartz Watch with Leather Strap, Brown, 22 (Model: 3600443)",WatchMaxx
"







3650031



",$475.00,Movado Heritage Chronograph Green Lacquer Dial Men's Watch 3650031,AUTHENTICWATCHES COM
"







0606803



",$625.82,Movado Men's 0606803 Movado Circa Stainless Steel Watch with Mesh Band,Daily Fashion Craze
"







0606803



",$625.82,Movado Men's 0606803 Movado Circa Stainless Steel Watch with Mesh Band,Daily Fashion Craze
"







0606803



",$626.57,Movado Men's 0606803 Movado Circa Stainless Steel Watch with Mesh Band,Watchsavings
"







0606803



",$830.00,Movado Men's 0606803 Movado Circa Stainless Steel Watch with Mesh Band,Pass the Watch
"







3650046



",$273.90,"Movado Women's Heritage Yellow Gold Watch with a Printed Index Dial, Gold/White (Model 3650046)",Watchsavings
"







607103



",$565.00,Movado Modern Classic Quartz Movement Mother Of Pearl Dial Ladies Watch 607103,WatchMaxx
"







0607157



",$247.50,Movado Ultra Slim Ladies Watch 0607157,Watchsavings
"







0607157



",$309.00,Movado Ultra Slim Ladies Watch 0607157,WatchMall
"







0607157



",$379.01,Movado Ultra Slim Ladies Watch 0607157,Todays Deals
"







0607063



",$823.90,Movado 1881 Automatic Movement Silver Dial Men's Watch 607063,Watchsavings
"







607168.0



",$795.00,Movado Stainless Steel Case (Model: 607168.0),Daily Fashion Craze
"







607372



",$329.98,"Movado Ultra Slim, Stainless Steel Case, Beige Dial, Grey Calfskin Strap, Women, 0607372",Watchsavings
"







607372



",$361.00,"Movado Ultra Slim, Stainless Steel Case, Beige Dial, Grey Calfskin Strap, Women, 0607372",Daily Fashion Craze
"







607207



",$603.90,"Movado Museum, Stainless Steel Case, Black Dial, Stainless Steel Bracelet, Women, 0607207",Watchsavings
"







607207



",$660.48,"Movado Museum, Stainless Steel Case, Black Dial, Stainless Steel Bracelet, Women, 0607207",Horology Outlet
"







607207



",$661.00,"Movado Museum, Stainless Steel Case, Black Dial, Stainless Steel Bracelet, Women, 0607207",Daily Fashion Craze
"







3600517



",$312.00,Movado Men's Black Dial Watch - 3600517,Horology Outlet
"







3650045



",$219.99,"Movado Women's Heritage Stainless Steel Watch with Printed Index Dial, Silver/White (Model 3650045)",Watchsavings
"







607197



",$345.76,Movado Museum Classic Blue Dial Men's Watch 0607197,Horology Outlet
"







607197



",$345.77,Movado Museum Classic Blue Dial Men's Watch 0607197,Todays Deals
"







607197



",$349.00,Movado Museum Classic Blue Dial Men's Watch 0607197,Watchsavings
"







0607240



","$1,020.00",Movado Sapphire Chronograph Black Dial Men's Watch 0607240,Daily Fashion Craze
"







0607240



","$1,020.02",Movado Sapphire Chronograph Black Dial Men's Watch 0607240,Todays Deals
"







606935



",$318.98,Movado Veturi Goldplated Stainless Steel Ladies Watch 0606935,Watchsavings
"







606935



",$320.00,Movado Veturi Goldplated Stainless Steel Ladies Watch 0606935,Pass the Watch
"







3680012



",$475.00,Movado Edge Silver Dial Stainless Steel Ladies Watch 3680012,AUTHENTICWATCHES COM
"







3600454



",$312.24,Movado Men's Bold - 3600454 Gunmetal One Size,Horology Outlet
"







3600501



",$399.00,"Movado Women's BOLD Sugar Dial Stainless Steel Watch with a Flat Dot, Silver (3600501)",Luxuryfreeshop
"







3600501



",$445.50,"Movado Women's BOLD Sugar Dial Stainless Steel Watch with a Flat Dot, Silver (3600501)",Daily Fashion Craze
"







3600501



",$550.00,"Movado Women's BOLD Sugar Dial Stainless Steel Watch with a Flat Dot, Silver (3600501)",Zappos
"







3650039



",$296.99,"Movado Women's Heritage Rose Gold Watch with a Printed Index Dial, Gold/Silver (Model 3650039)",Watchsavings
"







3600379



",$394.95,"Movado Women's Swiss Quartz Stainless Steel and Leather Watch, Color: Brown (Model: 3600379)",LuxuryExpo
"







3600379



",$395.00,"Movado Women's Swiss Quartz Stainless Steel and Leather Watch, Color: Brown (Model: 3600379)",AUTHENTICWATCHES COM
"







3600306



",$525.00,"Movado Men's BOLD TR90 Watch with a Sunray Dot and Leather Strap, Black (Model 3600306)",Daily Fashion Craze
"







3600503



",$595.00,"Movado Women's BOLD Sugar Dial Rose Gold Watch with Flat Dot, Gold/Pink (Model 3600503)",GoldNtime
"







3680013



",$307.98,Movado Edge Rose Gold Toned Aluminum Dial Quartz Womens Watch 3680013,Watchsavings
"







3680013



",$349.00,Movado Edge Rose Gold Toned Aluminum Dial Quartz Womens Watch 3680013,Todays Deals
"







3680013



",$350.00,Movado Edge Rose Gold Toned Aluminum Dial Quartz Womens Watch 3680013,Decor plus
"







3680013



",$355.00,Movado Edge Rose Gold Toned Aluminum Dial Quartz Womens Watch 3680013,WatchMaxx
"







3680013



",$356.00,Movado Edge Rose Gold Toned Aluminum Dial Quartz Womens Watch 3680013,Pass the Watch
"







3680013



",$495.00,Movado Edge Rose Gold Toned Aluminum Dial Quartz Womens Watch 3680013,AUTHENTICWATCHES COM
"







607016



",$377.28,Movado Ladies Museum Classic Analog Business Quartz Watch (Imported) 0607016,Horology Outlet
"







0607232



",$713.90,Movado Esperanza Quartz Movement Green Mother Of Pearl Dial Ladies Watch 607232,Watchsavings
"







2100003



",$219.99,Museum Women's Watch,Watchsavings
"







3680042



",$367.31,Movado Edge Men's 40 mm Blue Silicone strap watch 3680042,Todays Deals
"







607221



",$302.50,Movado Black Dial Blue Strap Mens Watch 0607221,Watchsavings
"







607221



",$382.00,Movado Black Dial Blue Strap Mens Watch 0607221,Pass the Watch
"







3600435



",$367.30,"Movado Women's Swiss-Quartz Watch with Gold-Plated-Stainless-Steel Strap, Rose, 15 (Model: 3600435)",Luxuryfreeshop
"







3600435



",$368.79,"Movado Women's Swiss-Quartz Watch with Gold-Plated-Stainless-Steel Strap, Rose, 15 (Model: 3600435)",Horology Outlet
"







3600463



",$400.00,Movado Bold Black Sunray Dial Unisex Rose Gold Tone Watch 3600463,Pass the Watch
"







3600520



",$495.00,Movado Evolution Blue Pvd Watch (Model: 3600520),Amazon
"







3600520



",$495.00,Movado Evolution Blue Pvd Watch (Model: 3600520),RM JEWELRY
"







3600413



",$208.57,Movado Women's 3600413 Analog Display Swiss Quartz Blue Watch,WatchMaxx
"







3600413



",$375.00,Movado Women's 3600413 Analog Display Swiss Quartz Blue Watch,AUTHENTICWATCHES COM
"







0660007



","$1,195.00","Movado Men's Swiss Quartz Stainless Steel and Leather Watch, Color:Black (Model: 0660007)","Amijag Ecom, LLC"
"







0660007



","$1,195.00","Movado Men's Swiss Quartz Stainless Steel and Leather Watch, Color:Black (Model: 0660007)","Amijag Ecom, LLC"
"







0607041



",$626.50,"Movado Men's Swiss Quartz Stainless Steel Watch, Color: Silver-Toned (Model: 0607041)",Premier Outlets
"







3600259



",$775.00,"Movado Men's BOLD Metals Watch with a Printed Index Dial, Gunmetal Grey (Model 3600259)",RM JEWELRY
"







3600259



",$795.00,"Movado Men's BOLD Metals Watch with a Printed Index Dial, Gunmetal Grey (Model 3600259)",Zappos
"







3600698



",$550.00,"Movado Women's Bold Evolution Quartz Watch with Stainless Steel Strap, Silver, 15 (Model: 3600698)",Amazon
"







3650048



",$367.31,Movado Men's Heritage Black Leather Band Steel Case Sapphire Crystal Swiss Quartz Analog Watch 3650048,Todays Deals
"







3600438



",$395.00,Movado Women's Bold - 3600438 Rose Gold Tone One Size,AUTHENTICWATCHES COM
"







3600438



",$495.00,Movado Women's Bold - 3600438 Rose Gold Tone One Size,WatchMaxx
"







2600142



","$1,199.00",Movado Sport Chronograph Watch (Model: 2600142),RM JEWELRY
"







2600142



","$1,230.00",Movado Sport Chronograph Watch (Model: 2600142),Daily Fashion Craze
"







2600142



","$1,295.00",Movado Sport Chronograph Watch (Model: 2600142),Zappos
"







0607065



",$348.25,Movado Rondiro Quartz Movement Black Dial Ladies Watch 0607065,Daily Fashion Craze
"







0607065



",$349.00,Movado Rondiro Quartz Movement Black Dial Ladies Watch 0607065,Luxury Bazaar
"







0607065



",$349.00,Movado Rondiro Quartz Movement Black Dial Ladies Watch 0607065,Luxury Bazaar
"







0607065



",$371.45,Movado Rondiro Quartz Movement Black Dial Ladies Watch 0607065,Watchsavings
"







0607065



",$413.00,Movado Rondiro Quartz Movement Black Dial Ladies Watch 0607065,Pass the Watch
"







3600417



",$238.01,"Movado Women's Swiss-Quartz Watch with Gold-Plated-Stainless-Steel Strap, Rose, 19 (Model: 3600417)",Watchsavings
"







3600417



",$239.00,"Movado Women's Swiss-Quartz Watch with Gold-Plated-Stainless-Steel Strap, Rose, 19 (Model: 3600417)",Pass the Watch
"







3600417



",$395.00,"Movado Women's Swiss-Quartz Watch with Gold-Plated-Stainless-Steel Strap, Rose, 19 (Model: 3600417)",AUTHENTICWATCHES COM
"







3600412



",$294.95,Movado Bold Silver Dial Grey Silicone Ladies Watch 3600412,LuxuryExpo
"







3600412



",$375.00,Movado Bold Silver Dial Grey Silicone Ladies Watch 3600412,AUTHENTICWATCHES COM
"







605918



",$328.00,Movado Women's 605918 Buleto Swiss Quartz Watch,AJ-Watches
"







3600522



",$520.00,"Movado Women's BOLD Iconic Metal Stainless Steel Watch with Glitter Dial, Silver/Pink (3600522)",Daily Fashion Craze
"







3600641



",$375.00,"Movado Women's Bold Evolution Stainless Steel Quartz Watch with Leather Strap, Pink, 15 (Model: 3600641)",RM JEWELRY
"







607173



",$412.50,Movado Ultra Slim Black Dial Black Leather Men's Watch 0607173,Watchsavings
"







607173



",$428.22,Movado Ultra Slim Black Dial Black Leather Men's Watch 0607173,Horology Outlet
"







606368



",$399.00,Women's Museum Watch with Stainless Steel Strap,Todays Deals
"







606368



",$495.00,Women's Museum Watch with Stainless Steel Strap,AUTHENTICWATCHES COM
"







0606914



",$654.50,Movado Men's 0606914 Analog Display Swiss Automatic Silver Watch,Watchsavings
"







0606914



",$685.40,Movado Men's 0606914 Analog Display Swiss Automatic Silver Watch,Global Precious Brands LLC
"







0606914



",$750.00,Movado Men's 0606914 Analog Display Swiss Automatic Silver Watch,Pass the Watch
"







3600437



",$395.00,Movado Women's Bold - 3600437 Yellow Gold Ion-Plated One Size,AUTHENTICWATCHES COM
"







3600511



",$575.00,"Movado Men's BOLD Sport Khaki PVD Watch with a Printed Index Dial, Brown/Black (Model 3600511)",Daily Fashion Craze
"







0606916



",$685.46,Movado 1881 Black Dial Two-Tone Stainless Steel Men's Watch 0606916,WatchMaxx
"







0606916



",$685.46,Movado 1881 Black Dial Two-Tone Stainless Steel Men's Watch 0606916,Watchsavings
"







3680010



",$398.00,Movado Edge Blue Aluminum Dial Swiss Quartz Chronograph Mens Watch 3680010,"Amijag Ecom, LLC"
"







607094



",$233.47,Movado Ultra Slim Black Dial Leather Strap Ladies Watch 0607094,Watchsavings
"







607094



",$274.53,Movado Ultra Slim Black Dial Leather Strap Ladies Watch 0607094,Horology Outlet
"







607094



",$350.00,Movado Ultra Slim Black Dial Leather Strap Ladies Watch 0607094,Pass the Watch
"







607094



",$351.21,Movado Ultra Slim Black Dial Leather Strap Ladies Watch 0607094,Todays Deals
"







0607005



",$569.25,Movado Women's 0607005 Analog Display Swiss Quartz Gold Watch,Global Precious Brands LLC
"







0607005



",$575.00,Movado Women's 0607005 Analog Display Swiss Quartz Gold Watch,Todays Deals
"







3600502



",$445.00,"Movado Women's BOLD Sugar Dial Yellow Gold Watch with a Flat Dot, Gold (Model 3600502)",Luxuryfreeshop
"







3600502



",$650.00,"Movado Women's BOLD Sugar Dial Yellow Gold Watch with a Flat Dot, Gold (Model 3600502)",Zappos
"







0606558



",$277.18,Movado Black Dial Stainless Steel Ladies Watch 0606558,Todays Deals
"







0607098



",$354.00,Movado 1881 Silver Dial Stainless Steel Ladies Watch 0607098,Horology Outlet
"







0607371



",$328.90,"Movado Ultra Slim, Stainless Steel Case, Silver White Dial, Tan Calfskin Strap, Women, 0607371",Watchsavings
"







0606936



",$280.00,Movado Kara Black Dial Yelow Gold PVD Ladies Watch 0606936,Luxury Bazaar
"







3600510



",$494.00,Movado Evolution Blue Pvd Watch (Model: 3600510),WatchMaxx
"







0607043



",$521.43,"Movado Men's Swiss-Quartz Watch with Two-Tone-Stainless-Steel Strap, 23 (Model: 0607043)",WatchMaxx
"







0607043



",$595.57,"Movado Men's Swiss-Quartz Watch with Two-Tone-Stainless-Steel Strap, 23 (Model: 0607043)",Global Precious Brands LLC
"







3600619



",$280.00,Ladies' Movado Bold Crystal Bezel Pale Gold-Tone Stainless Steel Watch 3600619,Watchsavings
"







0607271



",$429.00,"Movado Men's Museum Yellow Gold Watch with Concave Dot Museum Dial, Gold/Black Strap (Model 607271)",Angel Seller
"







0607271



",$429.00,"Movado Men's Museum Yellow Gold Watch with Concave Dot Museum Dial, Gold/Black Strap (Model 607271)",Platinum-Deals
"







0607271



",$449.00,"Movado Men's Museum Yellow Gold Watch with Concave Dot Museum Dial, Gold/Black Strap (Model 607271)",Imperial123
"







0607271



",$535.50,"Movado Men's Museum Yellow Gold Watch with Concave Dot Museum Dial, Gold/Black Strap (Model 607271)",Daily Fashion Craze
"







0607271



",$549.00,"Movado Men's Museum Yellow Gold Watch with Concave Dot Museum Dial, Gold/Black Strap (Model 607271)",RM JEWELRY
"







3600605



",$695.00,"Movado Bold, Ionic Gold Plated Steel Case, Black Dial, Gold Plated Steel Bracelet, Men, 3600605",RM JEWELRY
"







3600585



",$298.25,Movado Ionic Plated Blue Steel Case (Model: 3600585),Daily Fashion Craze
"







3600585



",$299.00,Movado Ionic Plated Blue Steel Case (Model: 3600585),Luxuryfreeshop
"







607083



",$795.00,Movado Black Dial Two-Tone Men's Watch 0607083,Daily Fashion Craze
"







3660023



",$385.00,"Movado Connect 2.0 Unisex Powered with Wear OS by Google Stainless Steel and Pink Leather Smartwatch, Color: Pink (Model: 3660023)",Amazon
"







2600136



",$945.00,"Movado Series 800, Stainless Steel Case, Green Dial, Stainless Steel Bracelet, Women, 2600136",Daily Fashion Craze
"







2100001



",$239.00,Museum Men's Watch,Imperial123
"







2100001



",$249.00,Museum Men's Watch,Todays Deals
"







3600254



",$296.00,"Movado Women's BOLD Luxe Stainless Steel Watch with Roman Index Dial, Silver (Model 3600254)",WatchMaxx
"







3600367



",$695.00,Movado Men's Swiss Quartz Stainless Steel and Brown Leather Casual Watch (Model: 3600367),AUTHENTICWATCHES COM
"







3660030



",$495.00,"Movado Connect 2.0 Unisex Powered with Wear OS by Google Stainless Steel and Navy Velcro Fabric Smartwatch, Color: Navy (Model: 3660030)",Amazon
"







3600101



",$560.49,"Movado Bold, TR90 Stainless Steel Case, Black Dial, Stainless Steel Bracelet, Black, Men, 3600101",WatchMaxx
"







3600101



",$689.00,"Movado Bold, TR90 Stainless Steel Case, Black Dial, Stainless Steel Bracelet, Black, Men, 3600101",RM JEWELRY
"







3600101



",$750.00,"Movado Bold, TR90 Stainless Steel Case, Black Dial, Stainless Steel Bracelet, Black, Men, 3600101",Zappos
"







606507



",$378.00,"Movado Men's 0606507 ""Museum"" Stainless Steel Watch",Advance Buy
"







606507



",$378.00,"Movado Men's 0606507 ""Museum"" Stainless Steel Watch",Magnum O
"







0606203



",$349.00,Movado Metio Black Dial Stainless Steel Men's Watch 0606203,Todays Deals
"







3600408



",$269.00,Movado Bold Blue Dial Leather Mens Watch 3600408,Advance Buy
"







3600408



",$270.69,Movado Bold Blue Dial Leather Mens Watch 3600408,Todays Deals
"







3600408



",$299.00,Movado Bold Blue Dial Leather Mens Watch 3600408,Pass the Watch
"







3600550



",$260.00,"Movado Women's BOLD Iconic Metal Rose Gold Watch with Sunray Dial, Gold/Pink (Model 3600550)",Watchsavings
"







3600550



",$389.00,"Movado Women's BOLD Iconic Metal Rose Gold Watch with Sunray Dial, Gold/Pink (Model 3600550)",Luxuryfreeshop
"







3600550



",$650.00,"Movado Women's BOLD Iconic Metal Rose Gold Watch with Sunray Dial, Gold/Pink (Model 3600550)",Zappos
"







605746



",$495.00,Movado Men's 605746 Sport Silver/Black Stainless Steel Watch,AUTHENTICWATCHES COM
"







3600189



",$325.00,Movado Bold Brown Dial Stainless Steel Bracelet Unisex Watch 3600189,Todays Deals
"







3600513



",$665.00,Movado Bold Quartz Movement Black Dial Men's Watch 3600513,Todays Deals
"







0606780



",$548.00,Movado Men's 0606780 Sapphire Synergy Stainless Steel Watch with Black Rubber Band,Magnum O
"







0606780



",$548.90,Movado Men's 0606780 Sapphire Synergy Stainless Steel Watch with Black Rubber Band,Watchsavings
"







0606780



",$750.00,Movado Men's 0606780 Sapphire Synergy Stainless Steel Watch with Black Rubber Band,Pass the Watch
"







3660036



",$775.00,"Movado Connect 2.0 Unisex Powered with Wear OS by Google Stainless Steel and Ionic Light Gold 2 Plated Steel Smartwatch, Color: Yellow (Model: 3660036)",RM JEWELRY
"







3660036



",$795.00,"Movado Connect 2.0 Unisex Powered with Wear OS by Google Stainless Steel and Ionic Light Gold 2 Plated Steel Smartwatch, Color: Yellow (Model: 3660036)",Amazon
"







607212



",$516.75,"Movado Men's Museum Stainless Steel Watch with a Concave Dot Museum Dial, Silver/Blue (Model 607212)",Todays Deals
"







3660025



",$347.00,"Movado Connect 2.0 Unisex Powered with Wear OS by Google Stainless Steel and Pink Sand Fabric Smartwatch, Color: Pink (Model: 3660025)",Amazon
"







3600511



",$269.00,Movado Bold Black Dial Khaki Ion-Plated Men's Watch 3600511,Watchsavings
"







3600511



",$269.99,Movado Bold Black Dial Khaki Ion-Plated Men's Watch 3600511,UNOOWHOLESALE
"







3600561



",$495.00,"Movado Bold, Ionic Plated Grey Steel Case, Grey Dial, Grey Steel Mesh Bracelet, Men, 3600561",Todays Deals
"







3600441



",$191.87,Movado Women s Swiss Quartz ROSEGOLD Plated Casual Watch Model 3600441,Watchsavings
"







3600441



",$192.86,Movado Women s Swiss Quartz ROSEGOLD Plated Casual Watch Model 3600441,WatchMaxx
"







3600441



",$360.00,Movado Women s Swiss Quartz ROSEGOLD Plated Casual Watch Model 3600441,Pass the Watch
"







3660037



",$557.00,"Movado Connect 2.0 Unisex Powered with Wear OS by Google Stainless Steel and Ionic Plated Black Steel Smartwatch, Color: Black (Model: 3660037)",Amazon
"







3600085



",$464.29,"Movado Women's BOLD Iconic Metal Yellow Gold Watch with a Flat Dot Sunray Dial, Gold (Model 3600085)",WatchMaxx
"







3600085



",$597.97,"Movado Women's BOLD Iconic Metal Yellow Gold Watch with a Flat Dot Sunray Dial, Gold (Model 3600085)",GoldNtime
"







2100004



",$218.01,Movado Women's Museum Watch,Watchsavings
"







2100004



",$219.00,Movado Women's Museum Watch,Todays Deals
"







2100004



",$249.00,Movado Women's Museum Watch,Imperial123
"







2100004



",$349.00,Movado Women's Museum Watch,Authenticwatchesoutlet
"







0607219



",$599.99,Movado Museum Stainless Steel Watch (Model: 0607219),Angel Seller
"







0607219



",$695.00,Movado Museum Stainless Steel Watch (Model: 0607219),Daily Fashion Craze
"







0607219



",$795.00,Movado Museum Stainless Steel Watch (Model: 0607219),Zappos
"







3660028



",$385.00,"Movado Connect 2.0 Unisex Powered with Wear OS by Google Stainless Steel and Black Leather Smartwatch, Color: Black (Model: 3660028)",Amazon
"







3660028



",$639.92,"Movado Connect 2.0 Unisex Powered with Wear OS by Google Stainless Steel and Black Leather Smartwatch, Color: Black (Model: 3660028)",Global Precious Brands LLC
"







3600409



",$257.39,Movado Bold Gold Dial Chronograph Mens Watch 3600409,Watchsavings
"







0607054



",$565.48,"Movado Women's Swiss Quartz and Stainless-Steel Casual Watch, Color:Gold-Toned (Model: 0607054)",WatchMaxx
"







0607054



",$726.90,"Movado Women's Swiss Quartz and Stainless-Steel Casual Watch, Color:Gold-Toned (Model: 0607054)",Global Precious Brands LLC
"







3650021



",$299.01,"Movado Mens Heritage Rose Gold Chronograph Watch with Printed Index, Black/Brown/Pink/Gold (3650021)",Watchsavings
"







0607274



",$329.00,"Movado Women's Museum Stainless Steel Watch with Concave Dot, Silver/Black Strap (Model: 607274)",Platinum-Deals
"







3600527



",$355.00,Movado Bold Black Dial Men's Watch 3600527,AUTHENTICWATCHES COM
"







3600538



",$660.00,"Movado Bold, Ionic Plated Black Steel Case, Black Dial, Black Steel Bracelet, Men, 3600538",Daily Fashion Craze
"







3600538



",$695.00,"Movado Bold, Ionic Plated Black Steel Case, Black Dial, Black Steel Bracelet, Men, 3600538",Zappos
"







3600202



",$400.98,"Movado Women's BOLD Bangles Rose Gold Watch with a Flat Dot Sunray Dial, Gold/Pink (Model 3600202)",Horology Outlet
"







607203



","$1,195.00",Movado Men's Museum Yellow Pvd Case (Model: 607203),Zappos
"







3600536



",$585.00,Movado Women's Bold Ceramic Watch (Model: 3600536),RM JEWELRY
"







3600536



",$695.00,Movado Women's Bold Ceramic Watch (Model: 3600536),Amazon
"







0606796



",$279.01,Movado Women's 0606796 Rondiro Analog Display Swiss Quartz Silver Watch,Watchsavings
"







0606796



",$280.00,Movado Women's 0606796 Rondiro Analog Display Swiss Quartz Silver Watch,Pass the Watch
"







0607136



",$351.98,Movado Museum Grey Dial Mens Watch 0607136,Watchsavings
"







0607136



",$438.00,Movado Museum Grey Dial Mens Watch 0607136,Pass the Watch
"







2100002



",$219.98,Movado Men's 2100002 Museum Black Stainless Steel Watch,Watchsavings
"







2100002



",$238.09,Movado Men's 2100002 Museum Black Stainless Steel Watch,VirVentures
"







2100002



",$249.99,Movado Men's 2100002 Museum Black Stainless Steel Watch,Advance Buy
"







607272



",$595.00,Movado Core Museum Classic - 0607272 Rose Pvd One Size,Zappos
"







0607080



",$749.00,"Movado Men's Circa Swiss-Quartz Watch with Gold-Plated-Stainless-Steel Strap, Yellow, 21 (Model: 0607080)",Todays Deals
"







0607080



","$1,005.95","Movado Men's Circa Swiss-Quartz Watch with Gold-Plated-Stainless-Steel Strap, Yellow, 21 (Model: 0607080)",Global Precious Brands LLC
"







0607201



",$764.50,"Movado Museum Classic, Stainless Steel Case, Black Dial, Stainless Steel Bracelet, Men, 0607201",Watchsavings
"







0607201



",$985.50,"Movado Museum Classic, Stainless Steel Case, Black Dial, Stainless Steel Bracelet, Men, 0607201",Daily Fashion Craze
"







0607201



",$999.00,"Movado Museum Classic, Stainless Steel Case, Black Dial, Stainless Steel Bracelet, Men, 0607201",RM JEWELRY
"







0607201



","$1,195.00","Movado Museum Classic, Stainless Steel Case, Black Dial, Stainless Steel Bracelet, Men, 0607201",Zappos
"







3600535



",$595.00,Movado Women's Bold Ceramic Watch (Model: 3600535),Zappos
"







3600535



",$695.00,Movado Women's Bold Ceramic Watch (Model: 3600535),Amazon
"







604759



",$299.00,Movado Women's 604759 Amorosa Stainless Steel Bangle Watch,Platinum-Deals
"







3600589



",$470.00,Movado Stainless Steel Case (Model: 3600589),Daily Fashion Craze
"







2600135



",$899.00,"Movado Men's Series 800 Sport Stainless Watch with Printed Index Dial, Silver/Black (Model 2600135)",RM JEWELRY
"







3600607



",$399.00,"Movado Bold, Ionic Plated Blue Steel Case, Black Dial, Blue Steel Bracelet, Men, 3600607",Todays Deals
"







3600607



",$420.00,"Movado Bold, Ionic Plated Blue Steel Case, Black Dial, Blue Steel Bracelet, Men, 3600607",Luxuryfreeshop
"







3600416



",$232.00,"Movado Women's Swiss-Quartz Watch with Gold-Plated-Stainless-Steel Strap, 19 (Model: 3600416)",WatchMaxx
"







3600434



",$388.09,"Movado Women's BOLD Iconic Metal Yellow Gold Watch with Flat Dot Sunray Dial, Gold/ (Model 3600434)",Luxuryfreeshop
"







3600434



",$389.58,"Movado Women's BOLD Iconic Metal Yellow Gold Watch with Flat Dot Sunray Dial, Gold/ (Model 3600434)",WatchMaxx
"







3600434



",$595.00,"Movado Women's BOLD Iconic Metal Yellow Gold Watch with Flat Dot Sunray Dial, Gold/ (Model 3600434)",Zappos
"







0607243



",$299.00,Movado Stratus Quartz Movement Black Dial Men's Watch 607243,Platinum-Deals
"







0607243



",$597.00,Movado Stratus Quartz Movement Black Dial Men's Watch 607243,"Amijag Ecom, LLC"
"







3600586



",$344.25,"Movado Bold, Ionic Plated Grey Steel Case, Grey Dial, Blue Nappa Leather Strap, Men, 3600586",Luxuryfreeshop
"







3600586



",$345.74,"Movado Bold, Ionic Plated Grey Steel Case, Grey Dial, Blue Nappa Leather Strap, Men, 3600586",Watchsavings
"







3600436



",$315.00,"Movado Bold, Stainless Steel Case, Blue Dial, Stainless Steel Bracelet, Women, 3600436",Luxuryfreeshop
"







3600436



",$315.13,"Movado Bold, Stainless Steel Case, Blue Dial, Stainless Steel Bracelet, Women, 3600436",WatchMaxx
"







3600436



",$487.20,"Movado Bold, Stainless Steel Case, Blue Dial, Stainless Steel Bracelet, Women, 3600436",GoldNtime
"







3660031



",$347.00,"Movado Connect 2.0 Unisex Powered with Wear OS by Google Stainless Steel and Black Velcro Fabric Smartwatch, Color: Black (Model: 3660031)",Amazon
"







607184



",$565.00,"Movado Amorosa, Stainless Steel Case, Black Dial, Stainless Steel Yellow Pvd Bangle, Women, 0607184",Daily Fashion Craze
"







606068



",$699.00,Movado Men's 606068 Esperanza Gold-Plated Stainless-Steel Watch,Platinum-Deals
"







0607275



",$399.00,"Movado Women's Museum Yellow Gold Watch with a Concave Dot, Silver/Gold/Black Strap (Model: 607275)",Platinum-Deals
"







0607275



",$535.50,"Movado Women's Museum Yellow Gold Watch with a Concave Dot, Silver/Gold/Black Strap (Model: 607275)",Daily Fashion Craze
"







0607275



",$595.00,"Movado Women's Museum Yellow Gold Watch with a Concave Dot, Silver/Gold/Black Strap (Model: 607275)",Zappos
"







3600296



",$735.00,"Movado Men's BOLD Metals Watch with a Printed Index Dial, Blue (Model 3600296)",RM JEWELRY
"







3680021



",$234.00,Movado Womens Swiss Edge Gold-Tone Stainless Steel Bangle Bracelet Watch 3680021,Horology Outlet
