price,product,seller
$565.00,"Movado Amorosa, Stainless Steel Case, Black Dial, Stainless Steel Yellow Pvd Bangle, Women, 0607184",Daily Fashion Craze
$550.00,"Movado Connect 2.0 Unisex Powered with Wear OS by Google Stainless Steel and Black Leather Smartwatch, Color: Black (Model: 3660022)",Amazon
$218.01,Movado Women's Museum Watch,Watchsavings
$219.00,Movado Women's Museum Watch,Todays Deals
$249.00,Movado Women's Museum Watch,Imperial123
$346.50,"Movado Women's BOLD Iconic Metal Stainless Watch with a Flat Dot Sunray Dial, Silver/Grey (3600433)",Todays Deals
$346.50,"Movado Women's BOLD Iconic Metal Stainless Watch with a Flat Dot Sunray Dial, Silver/Grey (3600433)",WatchMaxx
$445.50,"Movado Women's BOLD Iconic Metal Stainless Watch with a Flat Dot Sunray Dial, Silver/Grey (3600433)",Daily Fashion Craze
$499.00,"Movado Women's BOLD Iconic Metal Stainless Watch with a Flat Dot Sunray Dial, Silver/Grey (3600433)",RM JEWELRY
$495.00,"Movado Connect 2.0 Unisex Powered with Wear OS by Google Stainless Steel and Navy Velcro Fabric Smartwatch, Color: Navy (Model: 3660030)",Amazon
$296.00,"Movado Women's BOLD Luxe Stainless Steel Watch with Roman Index Dial, Silver (Model 3600254)",WatchMaxx
$349.00,Movado Metio Black Dial Stainless Steel Men's Watch 0606203,Todays Deals
$257.39,Movado Bold Gold Dial Chronograph Mens Watch 3600409,Watchsavings
$314.88,Movado Ladies Museum Classic Analog Business Quartz Watch (Imported) 0607015,Horology Outlet
"$1,186.50",Movado Men's 0606283 Red Label Automatic Stainless Steel Bracelet Watch,Todays Deals
$489.00,Movado Ultra Slim Blue Sunray Dial Mens Watch 0607088,Luxury Bazaar
$495.00,Movado Ultra Slim Blue Sunray Dial Mens Watch 0607088,Luxury Bazaar
$374.25,"Movado Men's BOLD TR90 Watch with a Sunray Dot and Leather Strap, Black/Gold (Model 3600305)",Daily Fashion Craze
$375.00,"Movado Men's BOLD TR90 Watch with a Sunray Dot and Leather Strap, Black/Gold (Model 3600305)",Angel Seller
$795.00,"Movado Men's Ultra Slim Stainless Steel Watch with a Printed Index Dial, Black/Silver (Model 607167)",Daily Fashion Craze
$895.00,"Movado Men's Ultra Slim Stainless Steel Watch with a Printed Index Dial, Black/Silver (Model 607167)",Zappos
$440.00,"Movado Connect 2.0 Unisex Powered with Wear OS by Google Stainless Steel and Black Leather Smartwatch, Color: Black (Model: 3660029)",Amazon
$499.99,Movado Stratus Quartz Movement Black Dial Men's Watches 0607249,UNOOWHOLESALE
$595.00,Movado Mens Museum Classic Analog Business Quartz Watch (Imported) 0607014,Daily Fashion Craze
$646.00,Movado Museum Grey & Black Pvd Case (Model: 607360),Daily Fashion Craze
$646.75,Movado Museum Grey & Black Pvd Case (Model: 607360),Watchsavings
$795.00,"Movado Museum, Stainless Steel Case (Model: 607349)",Zappos
$399.00,"Movado Bold, Stainless Steel Case, Silver Dial, Two Tone Stainless Steel Bracelet, Women, 3600519",Luxuryfreeshop
$549.00,"Movado Bold, Stainless Steel Case, Silver Dial, Two Tone Stainless Steel Bracelet, Women, 3600519",RM JEWELRY
$299.00,"Movado Men's Museum Stainless Steel Watch with Concave Dot, Silver/Blue/Black Strap (Model 607270)",Imperial123
$329.00,"Movado Men's Museum Stainless Steel Watch with Concave Dot, Silver/Blue/Black Strap (Model 607270)",Platinum-Deals
$495.00,"Movado Men's Museum Stainless Steel Watch with Concave Dot, Silver/Blue/Black Strap (Model 607270)",Zappos
$899.00,"Movado Men's Series 800 Sport Stainless Watch with Printed Index Dial, Silver/Black (Model 2600135)",RM JEWELRY
$339.00,Movado Stratus Quartz Movement Black Dial Men's Watch 607243,Platinum-Deals
$597.00,Movado Stratus Quartz Movement Black Dial Men's Watch 607243,"Amijag Ecom, LLC"
$439.00,Movado Men's Series 800,WatchMall
$459.22,Movado Men's Series 800,Watchsavings
$698.00,Movado Men's Series 800,Pass the Watch
$279.76,Movado Women's Swiss Quartz Stainless Steel Casual Watch (Model: 0606893),WatchMaxx
$333.60,Movado Women's Swiss Quartz Stainless Steel Casual Watch (Model: 0606893),"Amijag Ecom, LLC"
$334.16,Movado Women's Swiss Quartz Stainless Steel Casual Watch (Model: 0606893),Todays Deals
$695.00,"Movado Connect 2.0 Unisex Powered with Wear OS by Google Stainless Steel and Ionic Plated Black Steel Smartwatch, Color: Black (Model: 3660034)",Amazon
$556.00,"Movado Connect 2.0 Unisex Powered with Wear OS by Google Stainless Steel and Ionic Light Gold 2 Plated Steel Smartwatch, Color: Yellow (Model: 3660026)",Amazon
$695.00,"Movado Connect 2.0 Unisex Powered with Wear OS by Google Stainless Steel and Ionic Plated Carnation Gold Steel Smartwatch, Color: Carnation (Model: 3660027)",Amazon
$495.00,"Movado Women's BOLD Iconic Metal Rose Gold Watch with a Flat Dot Sunray Dial, Gold/Pink (3600086)",Todays Deals
$625.50,"Movado Women's BOLD Iconic Metal Rose Gold Watch with a Flat Dot Sunray Dial, Gold/Pink (3600086)",Daily Fashion Craze
$629.00,"Movado Women's BOLD Iconic Metal Rose Gold Watch with a Flat Dot Sunray Dial, Gold/Pink (3600086)",RM JEWELRY
$687.20,"Movado Women's BOLD Iconic Metal Rose Gold Watch with a Flat Dot Sunray Dial, Gold/Pink (3600086)",GoldNtime
$595.00,Movado Blue Stainless Steel Case (Model: 3600610),Amazon
$214.00,Movado Bold Black Pink Dial Ladies Women's Watch 3600482,WatchMaxx
$249.49,Movado Bold Quartz Movement Black Dial Men's Watch 3600512,Iggy's
$249.99,Movado Bold Quartz Movement Black Dial Men's Watch 3600512,Watchsavings
$269.99,Movado Bold Quartz Movement Black Dial Men's Watch 3600512,UNOOWHOLESALE
$295.90,Movado Bold Quartz Movement Black Dial Men's Watch 3600512,Daily Fashion Craze
$377.00,Movado Bold Quartz Movement Black Dial Men's Watch 3600512,Daily Fashion Craze
$570.00,Movado Bold Quartz Movement Black Dial Men's Watch 3600512,Pass the Watch
$296.01,Movado Women's 605024 Juro Stainless-Steel Watch,Watchsavings
$297.00,Movado Women's 605024 Juro Stainless-Steel Watch,Pass the Watch
$622.36,"Movado Men's Museum Sport Stainless Steel Watch with a Printed Index Dial, Silver/Black (0607225)",Watchsavings
$624.35,"Movado Men's Museum Sport Stainless Steel Watch with a Printed Index Dial, Silver/Black (0607225)",Todays Deals
$919.00,"Movado Men's Museum Sport Stainless Steel Watch with a Printed Index Dial, Silver/Black (0607225)",RM JEWELRY
$355.95,Movado Bold Ink Blue Sunray Dial Mens Chronograph Watch 3600476,WatchMaxx
$355.95,Movado Bold Ink Blue Sunray Dial Mens Chronograph Watch 3600476,WatchMaxx
$409.61,Movado Bold Ink Blue Sunray Dial Mens Chronograph Watch 3600476,Todays Deals
$597.20,Movado Bold Ink Blue Sunray Dial Mens Chronograph Watch 3600476,GoldNtime
$399.00,"Movado Bold, Ionic Plated Blue Steel Case, Black Dial, Blue Steel Bracelet, Men, 3600607",Todays Deals
$420.00,"Movado Bold, Ionic Plated Blue Steel Case, Black Dial, Blue Steel Bracelet, Men, 3600607",Luxuryfreeshop
$995.00,"Movado Men's Museum Two Tone Watch with a Concave Dot Museum Dial, Gold/Silver/Black (Model 607200)",Zappos
$419.20,"Movado Women's BOLD Iconic Metal Blue PVD Watch with a Flat Dot Sunray Dial, Blue (Model 3600388)",Daily Fashion Craze
$419.95,"Movado Women's BOLD Iconic Metal Blue PVD Watch with a Flat Dot Sunray Dial, Blue (Model 3600388)",Todays Deals
$426.93,"Movado Women's BOLD Iconic Metal Blue PVD Watch with a Flat Dot Sunray Dial, Blue (Model 3600388)",WatchMaxx
$645.00,"Movado Women's BOLD Iconic Metal Blue PVD Watch with a Flat Dot Sunray Dial, Blue (Model 3600388)",RM JEWELRY
$293.00,Movado Stiri Stainless Steel Black Dial Watch 0607277,Luxury Bazaar
$142.99,Movado Women's Bold - 3600458 Rose Gold One Size,Watchsavings
$328.90,Movado Modern Classic Quartz Movement Blue Dial Men's Watch 0607356,Watchsavings
$849.00,"Movado Men's Museum Stainless Steel Watch with Concave Dot Museum Dial, Silver/Black (Model 607199)",RM JEWELRY
$329.58,"Movado Women's BOLD Iconic Metal Watch with a Flat Dot Sunray Dial, Silver/Pink/Gold (Model 3600084)",Luxuryfreeshop
$331.07,"Movado Women's BOLD Iconic Metal Watch with a Flat Dot Sunray Dial, Silver/Pink/Gold (Model 3600084)",Todays Deals
$365.36,"Movado Women's BOLD Iconic Metal Watch with a Flat Dot Sunray Dial, Silver/Pink/Gold (Model 3600084)",WatchMaxx
$365.36,"Movado Women's BOLD Iconic Metal Watch with a Flat Dot Sunray Dial, Silver/Pink/Gold (Model 3600084)",WatchMaxx
$389.99,"Movado Women's BOLD Iconic Metal Watch with a Flat Dot Sunray Dial, Silver/Pink/Gold (Model 3600084)",Angel Seller
$495.00,"Movado Women's BOLD Iconic Metal Watch with a Flat Dot Sunray Dial, Silver/Pink/Gold (Model 3600084)",Daily Fashion Craze
$550.00,"Movado Women's BOLD Iconic Metal Watch with a Flat Dot Sunray Dial, Silver/Pink/Gold (Model 3600084)",Zappos
$264.00,"Movado Women's Swiss-Quartz Watch with Gold-Plated-Stainless-Steel Strap, Rose, 14.5 (Model: 3600387)",Horology Outlet
$530.00,"Movado Connect Digital Smart Module Stainless Steel Smartwatch, Silver/Black Strap (Model 3660016)",JEM Shop
$298.01,"Movado Bold, Ionic Plated Black Steel Case, Black Dial, Cognac Leather Strap, 3600537",Watchsavings
$299.00,"Movado Bold, Ionic Plated Black Steel Case, Black Dial, Cognac Leather Strap, 3600537",Luxuryfreeshop
$313.12,"Movado Bold, Ionic Plated Black Steel Case, Black Dial, Cognac Leather Strap, 3600537",Todays Deals
$318.21,"Movado Bold, Ionic Plated Black Steel Case, Black Dial, Cognac Leather Strap, 3600537",WatchMaxx
$416.50,Movado Bold Ceramic Rose Gold-Tone Metallic Dial Ladies Watch 3600639,Todays Deals
$599.00,Movado Bold Ceramic Rose Gold-Tone Metallic Dial Ladies Watch 3600639,RM JEWELRY
$273.90,Movado Women's 0606888 Analog Display Swiss Quartz Gold Watch,Watchsavings
$290.10,Movado Women's 0606888 Analog Display Swiss Quartz Gold Watch,Daily Fashion Craze
$329.00,Movado Women's 0606888 Analog Display Swiss Quartz Gold Watch,Luxury Bazaar
$329.00,Movado Women's 0606888 Analog Display Swiss Quartz Gold Watch,Luxury Bazaar
$400.00,Movado Women's 0606888 Analog Display Swiss Quartz Gold Watch,Pass the Watch
$687.20,Movado Women's 0606888 Analog Display Swiss Quartz Gold Watch,GoldNtime
$399.00,Movado Men's 606042 Esperanza Stainless-Steel Watch,Platinum-Deals
$995.00,Movado Men's 606042 Esperanza Stainless-Steel Watch,"Amijag Ecom, LLC"
$329.00,"Movado Men's Museum Stainless Steel Watch with Concave Dot Museum Dial, Silver/Black Strap (607269)",Imperial123
$494.25,"Movado Men's Museum Stainless Steel Watch with Concave Dot Museum Dial, Silver/Black Strap (607269)",Daily Fashion Craze
$495.00,"Movado Men's Museum Stainless Steel Watch with Concave Dot Museum Dial, Silver/Black Strap (607269)",Zappos
$499.00,"Movado Men's Museum Stainless Steel Watch with Concave Dot Museum Dial, Silver/Black Strap (607269)",RM JEWELRY
$499.00,"Movado Women's Museum Stainless Steel Watch with a Concave Dot Museum Dial, Black/Silver (607220)",Todays Deals
$499.00,"Movado Women's Museum Stainless Steel Watch with a Concave Dot Museum Dial, Black/Silver (607220)",WatchMaxx
$499.00,"Movado Women's Museum Stainless Steel Watch with a Concave Dot Museum Dial, Black/Silver (607220)",WatchMaxx
$625.50,"Movado Women's Museum Stainless Steel Watch with a Concave Dot Museum Dial, Black/Silver (607220)",Daily Fashion Craze
$795.00,"Movado Women's Museum Stainless Steel Watch with a Concave Dot Museum Dial, Black/Silver (607220)",Zappos
$415.00,"Movado Bold, Yellow Gold Ion-Plated Stainless Steel Case, Gold Dial, Gold Ion-Plated Stainless Steel Mesh Bracelet, Men, 3600588",Luxuryfreeshop
$328.90,Movado Junior Sport Blue Dial Stainless Steel Mens Watch 0606116,Watchsavings
$299.00,Movado Women's 604759 Amorosa Stainless Steel Bangle Watch,Platinum-Deals
$260.00,USA Jet Plain Iron on patch,Watchsavings
$431.19,USA Jet Plain Iron on patch,Horology Outlet
$283.51,"Movado Men's BOLD TR90 Watch with Sunray Dot and Leather Strap, Black/Blue (Model 3600307)",Daily Fashion Craze
$284.26,"Movado Men's BOLD TR90 Watch with Sunray Dot and Leather Strap, Black/Blue (Model 3600307)",WatchMaxx
$387.20,"Movado Men's BOLD TR90 Watch with Sunray Dot and Leather Strap, Black/Blue (Model 3600307)",GoldNtime
$149.01,"Movado Women's Stainless Steel Swiss-Quartz Watch with Rubber Strap, Pink, 19 (Model: 3600414)",Watchsavings
$150.00,"Movado Women's Stainless Steel Swiss-Quartz Watch with Rubber Strap, Pink, 19 (Model: 3600414)",Pass the Watch
$155.67,"Movado Women's Stainless Steel Swiss-Quartz Watch with Rubber Strap, Pink, 19 (Model: 3600414)",Horology Outlet
$795.00,"Movado Connect 2.0 Unisex Powered with Wear OS by Google Stainless Steel and Stainless Steel Smartwatch, Color: Silver (Model: 3660035)",Amazon
$521.43,"Movado Men's Swiss-Quartz Watch with Two-Tone-Stainless-Steel Strap, 23 (Model: 0607043)",WatchMaxx
$598.04,"Movado Men's Swiss-Quartz Watch with Two-Tone-Stainless-Steel Strap, 23 (Model: 0607043)",Global Precious Brands LLC
$625.50,Movado Men's Bold Evolution Lyg Watch (Model: 3600508),Zappos
$675.00,Movado Men's Bold Evolution Lyg Watch (Model: 3600508),RM JEWELRY
$695.00,Movado Men's Bold Evolution Lyg Watch (Model: 3600508),Amazon
$449.00,"Movado Men's Museum Yellow Gold Watch with Concave Dot Museum Dial, Gold/Black Strap (Model 607271)",Imperial123
$549.00,"Movado Men's Museum Yellow Gold Watch with Concave Dot Museum Dial, Gold/Black Strap (Model 607271)",RM JEWELRY
$595.00,"Movado Men's Museum Yellow Gold Watch with Concave Dot Museum Dial, Gold/Black Strap (Model 607271)",Daily Fashion Craze
$429.00,"Movado Men's Museum Yellow Gold Watch with Concave Dot Museum Dial, Gold/Black Strap (Model 607271)",Platinum-Deals
$280.00,Ladies' Movado Bold Crystal Bezel Pale Gold-Tone Stainless Steel Watch 3600619,Watchsavings
$549.00,Movado Museum Classic Blue Mother of Pearl Dial Two-Tone Ladies Watch 0607268,Watchsavings
$549.00,Movado Museum Classic Blue Mother of Pearl Dial Two-Tone Ladies Watch 0607268,Todays Deals
$625.00,Movado Museum Classic Blue Mother of Pearl Dial Two-Tone Ladies Watch 0607268,Pass the Watch
$395.01,Movado Museum Classic Mother of Pearl Dial Ladies Watch 0607350,Global Precious Brands LLC
$399.00,Movado Museum Classic Mother of Pearl Dial Ladies Watch 0607350,Watchsavings
$388.09,"Movado Women's BOLD Iconic Metal Yellow Gold Watch with Flat Dot Sunray Dial, Gold/ (Model 3600434)",Luxuryfreeshop
$389.58,"Movado Women's BOLD Iconic Metal Yellow Gold Watch with Flat Dot Sunray Dial, Gold/ (Model 3600434)",WatchMaxx
$595.00,"Movado Women's BOLD Iconic Metal Yellow Gold Watch with Flat Dot Sunray Dial, Gold/ (Model 3600434)",Zappos
$220.00,Movado Edge Silver Dial Leather Strap Men's Watch 3680001,Todays Deals
$550.00,"Movado Connect 2.0 Unisex Powered with Wear OS by Google Stainless Steel and Light Grey Leather Smartwatch, Color: Grey (Model: 3660024)",Amazon
$399.99,"Movado Ultra Slim, Black PVD Case, Grey Dial, Beige Leather Strap, Men, 0607378",Flying Fashion
$318.00,Movado Museum Classic Quartz Movement Black Dial Ladies Watch 607222,Horology Outlet
$399.00,"Movado Bold, Stainless Steel Case, Silver Dial, Stainless Steel Bracelet, Women, 3600567",Platinum-Deals
$544.50,Movado 607169,Watchsavings
$266.80,Movado Women's 0606596 Bela Stainless Steel Bangle Watch,Advance Buy
$269.00,Movado Women's 0606596 Bela Stainless Steel Bangle Watch,Luxury Bazaar
$269.00,Movado Women's 0606596 Bela Stainless Steel Bangle Watch,Luxury Bazaar
$276.60,Movado Women's 0606596 Bela Stainless Steel Bangle Watch,Daily Fashion Craze
$280.32,Movado Women's 0606596 Bela Stainless Steel Bangle Watch,Horology Outlet
$299.00,Movado Women's 0606596 Bela Stainless Steel Bangle Watch,Watchsavings
$495.00,Movado Women's 0606596 Bela Stainless Steel Bangle Watch,"Amijag Ecom, LLC"
$495.00,Movado Women's 0606596 Bela Stainless Steel Bangle Watch,"Amijag Ecom, LLC"
$595.00,Movado Women's Bold Ceramic Watch (Model: 3600535),Zappos
$695.00,Movado Women's Bold Ceramic Watch (Model: 3600535),Amazon
$699.00,Movado Men's 606068 Esperanza Gold-Plated Stainless-Steel Watch,Platinum-Deals
$416.00,"Movado Men's BOLD Sport PVD Chronograph Watch with a Printed Index Dial, Black/Blue (Model 3600516)",WatchMaxx
$416.00,"Movado Men's BOLD Sport PVD Chronograph Watch with a Printed Index Dial, Black/Blue (Model 3600516)",WatchMaxx
$284.90,Movado Veturi Men's Quartz Watch 0606932,Watchsavings
$495.00,Movado Veturi Men's Quartz Watch 0606932,AUTHENTICWATCHES COM
$435.00,Movado Men's Ultra Slim Black Dial Watch 0607087,Luxury Bazaar
$439.00,Movado Men's Ultra Slim Black Dial Watch 0607087,Luxury Bazaar
$317.90,Movado Blue Dial Stainless Steel Ladies Watch 0606370,Watchsavings
$399.00,"Movado Bold, Grey Ion-Plated Stainless Steel Case, Grey Dial, Grey Ion-Plated Stainless Steel Mesh Bracelet, Men, 3600599",Luxuryfreeshop
$575.00,"Movado Bold, Grey Ion-Plated Stainless Steel Case, Grey Dial, Grey Ion-Plated Stainless Steel Mesh Bracelet, Men, 3600599",RM JEWELRY
$280.00,"Movado Women's Swiss Quartz Stainless Steel Watch, Color: Silver-Toned (Model: 3600196)",Pass the Watch
$439.00,Watch Movado Women's Museum Watch Quartz Sapphire Crystal 0607220 0607220,Luxury Bazaar
$439.00,Watch Movado Women's Museum Watch Quartz Sapphire Crystal 0607220 0607220,WatchMaxx
$645.00,Watch Movado Women's Museum Watch Quartz Sapphire Crystal 0607220 0607220,RM JEWELRY
$549.70,Movado Sport Chronograph Watch (Model: 607290),Global Precious Brands LLC
$999.00,Movado Sport Chronograph Watch (Model: 607290),RM JEWELRY
$208.98,Movado Women's 605284 Kara Swiss Quartz Bangle Bracelet Watch,Watchsavings
$226.87,Movado Women's 605284 Kara Swiss Quartz Bangle Bracelet Watch,Horology Outlet
$239.00,Movado Women's 605284 Kara Swiss Quartz Bangle Bracelet Watch,Luxury Bazaar
$260.00,Movado Bold Light Blue Dial Ladies Watch 3600494,Watchsavings
"$1,396.50",Movado Men's Sapphire Black Pvd Case with a Black Dial on a Black Pvd Bracelet (Model:0607179),Todays Deals
$764.50,"Movado Museum Classic, Stainless Steel Case, Black Dial, Stainless Steel Bracelet, Men, 0607201",Watchsavings
$985.50,"Movado Museum Classic, Stainless Steel Case, Black Dial, Stainless Steel Bracelet, Men, 0607201",Daily Fashion Craze
$999.00,"Movado Museum Classic, Stainless Steel Case, Black Dial, Stainless Steel Bracelet, Men, 0607201",RM JEWELRY
"$1,195.00","Movado Museum Classic, Stainless Steel Case, Black Dial, Stainless Steel Bracelet, Men, 0607201",Zappos
$499.00,Movado 0607278,Todays Deals
$315.00,"Movado Bold, Stainless Steel Case, Blue Dial, Stainless Steel Bracelet, Women, 3600436",Luxuryfreeshop
$315.13,"Movado Bold, Stainless Steel Case, Blue Dial, Stainless Steel Bracelet, Women, 3600436",WatchMaxx
$487.20,"Movado Bold, Stainless Steel Case, Blue Dial, Stainless Steel Bracelet, Women, 3600436",GoldNtime
$344.25,"Movado Bold, Ionic Plated Grey Steel Case, Grey Dial, Blue Nappa Leather Strap, Men, 3600586",Luxuryfreeshop
$345.74,"Movado Bold, Ionic Plated Grey Steel Case, Grey Dial, Blue Nappa Leather Strap, Men, 3600586",Watchsavings
$264.00,Movado Men's 0606502 Museum Stainless Steel Watch with Black Leather Band,Horology Outlet
$350.90,Movado Veturi Goldplated Stainless Steel Mens Watch 0606934,Watchsavings
$368.00,Movado Veturi Goldplated Stainless Steel Mens Watch 0606934,Todays Deals
$368.00,Movado Veturi Goldplated Stainless Steel Mens Watch 0606934,Pass the Watch
$495.00,Movado Veturi Goldplated Stainless Steel Mens Watch 0606934,AUTHENTICWATCHES COM
$389.86,"Movado Women's BOLD T-Bar Carnation Watch with a Flat Dot Crystal Dial, Pink (Model 3600493)",Daily Fashion Craze
$390.61,"Movado Women's BOLD T-Bar Carnation Watch with a Flat Dot Crystal Dial, Pink (Model 3600493)",Horology Outlet
$439.00,"Movado Women's BOLD T-Bar Carnation Watch with a Flat Dot Crystal Dial, Pink (Model 3600493)",Watchsavings
$795.00,"Movado Women's BOLD T-Bar Carnation Watch with a Flat Dot Crystal Dial, Pink (Model 3600493)",GoldNtime
$399.00,Movado Women's 0606691 Movado TC Stainless Steel Bracelet Watch with Diamond-Accented Mother-of-Pearl Dial,Todays Deals
"$2,495.00",Movado Women's 0660006 Analog Display Swiss Quartz Silver Smartwatch,"Amijag Ecom, LLC"
$372.90,Movado Women's Aleena Two-Tone Watch (Model: 0607151),Watchsavings
$556.50,Movado Women's 3600210 Bold Rose Gold-Tone Stainless Steel Bracelet Watch,Todays Deals
$386.00,Movado Edge Black Dial Leather Strap 40 mm Mens Watch 3680039,WatchMaxx
$489.00,Movado Men's Museum Classic Black Dial Watch - 607198,Luxury Bazaar
$906.50,"Movado Men's Museum Sport Gunmetal Watch with a Printed Index Dial, Grey/Black (Model 0607226)",Todays Deals
$446.07,Movado Black Dial Two-Tone Men's Watch 0606958,Iggy's
$499.99,Movado Black Dial Two-Tone Men's Watch 0606958,UNOOWHOLESALE
$346.50,Movado Mens Museum Classic Analog Business Quartz Watch (Imported) 0607013,Todays Deals
$829.00,Movado Museum Classic - 0607396 Gold One Size,RM JEWELRY
$995.00,Movado Museum Classic - 0607396 Gold One Size,Zappos
$804.00,Movado Men's 0606576 Circa Stainless Steel Watch With Brown Leather Band,Pass the Watch
$369.00,Movado Men's 3600261 Bold Analog Display Swiss Quartz Black Watch,Platinum-Deals
$595.00,Movado Core Museum Classic - 0607272 Rose Pvd One Size,Zappos
$695.00,Movado Heritage Black Dial Mens Chronograph Watch 3650029,AUTHENTICWATCHES COM
$599.00,Movado Men's 2600118 Series 800 Black PVD Case with Black Leather Band,WatchMall
"$1,795.00",Movado Men's 2600118 Series 800 Black PVD Case with Black Leather Band,"Amijag Ecom, LLC"
$374.00,Movado Edge Black Aluminum Dial Swiss Quartz Mens Watch 3680007,Horology Outlet
$382.00,Movado Edge Black Aluminum Dial Swiss Quartz Mens Watch 3680007,Pass the Watch
$495.00,Movado Edge Black Aluminum Dial Swiss Quartz Mens Watch 3680007,AUTHENTICWATCHES COM
$525.00,"Movado Men's BOLD TR90 Watch with a Sunray Dot and Leather Strap, Black (Model 3600306)",Daily Fashion Craze
$459.81,Movado Stratus Quartz Movement Black Dial Men's Watch 607247,Watchsavings
$461.80,Movado Stratus Quartz Movement Black Dial Men's Watch 607247,Flying Fashion
$527.00,Movado Stratus Quartz Movement Black Dial Men's Watch 607247,Daily Fashion Craze
$373.60,Movado Bold Quartz Movement Gunmetal Dial Ladies Watch 3600500,Todays Deals
$373.60,Movado Bold Quartz Movement Gunmetal Dial Ladies Watch 3600500,Daily Fashion Craze
$426.31,Movado Bold Quartz Movement Gunmetal Dial Ladies Watch 3600500,Horology Outlet
$289.00,"Movado Women's 0606595 ""Bela"" Stainless Steel Bangle Watch",Luxury Bazaar
$351.98,Movado Museum Grey Dial Mens Watch 0607136,Watchsavings
$438.00,Movado Museum Grey Dial Mens Watch 0607136,Pass the Watch
$379.00,Movado Museum Classic Watch 0607194,Luxury Bazaar
$389.00,Movado Museum Classic Watch 0607194,Luxury Bazaar
$749.00,"Movado Men's Circa Swiss-Quartz Watch with Gold-Plated-Stainless-Steel Strap, Yellow, 21 (Model: 0607080)",Todays Deals
"$1,010.18","Movado Men's Circa Swiss-Quartz Watch with Gold-Plated-Stainless-Steel Strap, Yellow, 21 (Model: 0607080)",Global Precious Brands LLC
$399.00,Movado Men's Museum Watch Swiss Quartz Sapphire Crystal 606367,Todays Deals
$609.00,Movado Women's Bold Ceramic Watch (Model: 3600534),RM JEWELRY
$695.00,Movado Women's Bold Ceramic Watch (Model: 3600534),Amazon
$836.50,"Movado Men's Esperanza Two Tone Watch with Concave Dot Museum Dial, Silver/Gold/Black (Model 607058)",Todays Deals
"$1,075.50","Movado Men's Esperanza Two Tone Watch with Concave Dot Museum Dial, Silver/Gold/Black (Model 607058)",Daily Fashion Craze
$299.00,"Movado Men's BOLD Evolution Grey PVD Watch with a Flat Dot Sunray Dial, Grey/Blue (Model 3600507)",Luxuryfreeshop
$299.00,"Movado Men's BOLD Evolution Grey PVD Watch with a Flat Dot Sunray Dial, Grey/Blue (Model 3600507)",Todays Deals
$495.00,"Movado Men's BOLD Evolution Grey PVD Watch with a Flat Dot Sunray Dial, Grey/Blue (Model 3600507)",Zappos
$595.00,Movado Women's 3600255 Bold Gold-Tone Watch,SurfNTime
$279.01,Movado Women's 0606796 Rondiro Analog Display Swiss Quartz Silver Watch,Watchsavings
$280.00,Movado Women's 0606796 Rondiro Analog Display Swiss Quartz Silver Watch,Pass the Watch
$394.95,"Movado Women's Swiss Quartz Stainless Steel and Leather Watch, Color: Brown (Model: 3600379)",LuxuryExpo
$395.00,"Movado Women's Swiss Quartz Stainless Steel and Leather Watch, Color: Brown (Model: 3600379)",AUTHENTICWATCHES COM
$399.00,"Movado Bold, Yellow Gold Ion-Plated Stainless Steel Case, Gold Dial, Yellow Gold Ion-Plated Stainless Steel Mesh Bracelet, Women, 3600580",Imperial123
$599.00,"Movado Bold, Yellow Gold Ion-Plated Stainless Steel Case, Gold Dial, Yellow Gold Ion-Plated Stainless Steel Mesh Bracelet, Women, 3600580",RM JEWELRY
"$1,295.00","Movado Museum, Stainless Steel Yellow Pvd Case, Black Dial, Stainless Steel Bracelet, Men, 0607202",Daily Fashion Craze
$549.00,Movado Museum Classic Blue Dial Two-Tone Men's Watch 0607267,Watchsavings
$549.00,Movado Museum Classic Blue Dial Two-Tone Men's Watch 0607267,Todays Deals
$219.00,Movado Bold Yellow Gold Sunray Dial Ladies Leather Watch 3600474,WatchMall
$219.00,Movado Bold Yellow Gold Sunray Dial Ladies Leather Watch 3600474,Todays Deals
$399.00,Movado Bold Black Dial Ladies Watch 3600483,AUTHENTICWATCHES COM
$520.00,Movado Iconic Metal Two Tone Watch (Model: 3600551),Daily Fashion Craze
"$1,250.00",Movado Men's 606307 Stainless Steel Watch,Daily Fashion Craze
"$1,195.00","Movado Men's Swiss Quartz Stainless Steel and Leather Watch, Color:Black (Model: 0660007)","Amijag Ecom, LLC"
"$1,195.00","Movado Men's Swiss Quartz Stainless Steel and Leather Watch, Color:Black (Model: 0660007)","Amijag Ecom, LLC"
$520.00,"Movado Women's BOLD Iconic Metal Stainless Steel Watch with Glitter Dial, Silver/Pink (3600522)",Daily Fashion Craze
$565.00,Movado Modern Classic Quartz Movement Mother Of Pearl Dial Ladies Watch 607103,WatchMaxx
$328.00,Movado Women's 605918 Buleto Swiss Quartz Watch,AJ-Watches
$239.80,Movado Kara Quartz Black Dial Ladies Watch 0606948,Watchsavings
$384.99,"Movado Ultra Slim, Pale Rose Gold PVD Case, Blue Dial, Navy Leather Strap, Women, 0607402",Watchsavings
$493.90,Ladies' Movado Museum Classic Mother-of-Pearl Dial Gold-Tone Mesh Bracelet Watch 0607351,Watchsavings
$247.50,Movado Ultra Slim Ladies Watch 0607157,Watchsavings
$309.00,Movado Ultra Slim Ladies Watch 0607157,WatchMall
$379.00,Movado Ultra Slim Ladies Watch 0607157,Todays Deals
$344.00,Movado-0606335,WatchMaxx
$375.00,"Movado Women's Bold Evolution Stainless Steel Quartz Watch with Leather Strap, Pink, 15 (Model: 3600641)",RM JEWELRY
$732.67,Movado Edge Copper Tone Dial Stainless Steel Men's Watch 3680024,Todays Deals
$475.00,Movado Heritage Chronograph Green Lacquer Dial Men's Watch 3650031,AUTHENTICWATCHES COM
$795.00,Movado Stainless Steel Case (Model: 607168.0),Daily Fashion Craze
$399.00,"Movado Men's 606379 ""Luno Sport"" Stainless Steel Bracelet Watch",Todays Deals
$499.95,"Movado Men's 606379 ""Luno Sport"" Stainless Steel Bracelet Watch",LuxuryExpo
$318.98,Movado Veturi Goldplated Stainless Steel Ladies Watch 0606935,Watchsavings
$320.00,Movado Veturi Goldplated Stainless Steel Ladies Watch 0606935,Pass the Watch
$398.00,Movado Edge Blue Aluminum Dial Swiss Quartz Chronograph Mens Watch 3680010,"Amijag Ecom, LLC"
$351.00,"Movado Men's Stainless Steel Swiss-Quartz Watch with Leather Strap, Brown, 22 (Model: 3600443)",WatchMaxx
$685.46,Movado 1881 Black Dial Two-Tone Stainless Steel Men's Watch 0606916,WatchMaxx
$685.46,Movado 1881 Black Dial Two-Tone Stainless Steel Men's Watch 0606916,Watchsavings
$329.98,"Movado Ultra Slim, Stainless Steel Case, Beige Dial, Grey Calfskin Strap, Women, 0607372",Watchsavings
$361.00,"Movado Ultra Slim, Stainless Steel Case, Beige Dial, Grey Calfskin Strap, Women, 0607372",Daily Fashion Craze
$823.90,Movado 1881 Automatic Movement Silver Dial Men's Watch 607063,Watchsavings
$312.00,Movado Men's Black Dial Watch - 3600517,Horology Outlet
$219.99,"Movado Women's Heritage Stainless Steel Watch with Printed Index Dial, Silver/White (Model 3650045)",Watchsavings
$625.82,Movado Men's 0606803 Movado Circa Stainless Steel Watch with Mesh Band,Daily Fashion Craze
$625.82,Movado Men's 0606803 Movado Circa Stainless Steel Watch with Mesh Band,Daily Fashion Craze
$626.57,Movado Men's 0606803 Movado Circa Stainless Steel Watch with Mesh Band,Watchsavings
$830.00,Movado Men's 0606803 Movado Circa Stainless Steel Watch with Mesh Band,Pass the Watch
$585.00,Movado Women's Bold Ceramic Watch (Model: 3600536),RM JEWELRY
$695.00,Movado Women's Bold Ceramic Watch (Model: 3600536),Amazon
$475.00,Movado Edge Silver Dial Stainless Steel Ladies Watch 3680012,AUTHENTICWATCHES COM
"$1,195.00",Movado Men's Museum Yellow Pvd Case (Model: 607203),Zappos
$399.00,Movado Men's Collection 0606369 Silver Metal Quartz Fashion Watch,Platinum-Deals
$599.00,Movado Men's Collection 0606369 Silver Metal Quartz Fashion Watch,Imperial123
$399.00,,Luxuryfreeshop
$445.50,,Daily Fashion Craze
$550.00,,Zappos
"$1,020.00",Movado Sapphire Chronograph Black Dial Men's Watch 0607240,Daily Fashion Craze
"$1,020.01",Movado Sapphire Chronograph Black Dial Men's Watch 0607240,Todays Deals
$603.90,"Movado Museum, Stainless Steel Case, Black Dial, Stainless Steel Bracelet, Women, 0607207",Watchsavings
$660.48,"Movado Museum, Stainless Steel Case, Black Dial, Stainless Steel Bracelet, Women, 0607207",Horology Outlet
$661.00,"Movado Museum, Stainless Steel Case, Black Dial, Stainless Steel Bracelet, Women, 0607207",Daily Fashion Craze
$395.00,"Movado Women's Swiss-Quartz Watch with Stainless-Steel Strap, Silver, 19 (Model: 3600415)",AUTHENTICWATCHES COM
$302.50,Movado Black Dial Blue Strap Mens Watch 0607221,Watchsavings
$382.00,Movado Black Dial Blue Strap Mens Watch 0607221,Pass the Watch
$397.51,"Movado Women's BOLD Sugar Dial Yellow Gold Watch with a Flat Dot, Gold (Model 3600502)",Luxuryfreeshop
$399.00,"Movado Women's BOLD Sugar Dial Yellow Gold Watch with a Flat Dot, Gold (Model 3600502)",Todays Deals
$650.00,"Movado Women's BOLD Sugar Dial Yellow Gold Watch with a Flat Dot, Gold (Model 3600502)",Zappos
$395.00,Movado Women's Bold - 3600438 Rose Gold Tone One Size,AUTHENTICWATCHES COM
$495.00,Movado Women's Bold - 3600438 Rose Gold Tone One Size,WatchMaxx
$400.00,Movado Bold Black Sunray Dial Unisex Rose Gold Tone Watch 3600463,Pass the Watch
$495.00,Movado Evolution Blue Pvd Watch (Model: 3600520),Amazon
$495.00,Movado Evolution Blue Pvd Watch (Model: 3600520),RM JEWELRY
$713.90,Movado Esperanza Quartz Movement Green Mother Of Pearl Dial Ladies Watch 607232,Watchsavings
$735.00,"Movado Men's BOLD Metals Watch with a Printed Index Dial, Blue (Model 3600296)",RM JEWELRY
$695.00,Movado Men's Museum Classic Black Dial Two-Tone Watch 0607200,Luxury Bazaar
$660.00,"Movado Bold, Ionic Plated Black Steel Case, Black Dial, Black Steel Bracelet, Men, 3600538",Daily Fashion Craze
$695.00,"Movado Bold, Ionic Plated Black Steel Case, Black Dial, Black Steel Bracelet, Men, 3600538",Zappos
$208.57,Movado Women's 3600413 Analog Display Swiss Quartz Blue Watch,WatchMaxx
$375.00,Movado Women's 3600413 Analog Display Swiss Quartz Blue Watch,AUTHENTICWATCHES COM
$550.00,"Movado Women's Bold Evolution Quartz Watch with Stainless Steel Strap, Silver, 15 (Model: 3600698)",Amazon
$279.01,Movado Kara Black Dial Yelow Gold PVD Ladies Watch 0606936,Watchsavings
$280.00,Movado Kara Black Dial Yelow Gold PVD Ladies Watch 0606936,Luxury Bazaar
$328.90,"Movado Ultra Slim, Stainless Steel Case, Silver White Dial, Tan Calfskin Strap, Women, 0607371",Watchsavings
"$1,199.00",Movado Sport Chronograph Watch (Model: 2600142),RM JEWELRY
"$1,230.00",Movado Sport Chronograph Watch (Model: 2600142),Daily Fashion Craze
"$1,295.00",Movado Sport Chronograph Watch (Model: 2600142),Zappos
$775.00,"Movado Men's BOLD Metals Watch with a Printed Index Dial, Gunmetal Grey (Model 3600259)",RM JEWELRY
$795.00,"Movado Men's BOLD Metals Watch with a Printed Index Dial, Gunmetal Grey (Model 3600259)",Zappos
$294.95,Movado Bold Silver Dial Grey Silicone Ladies Watch 3600412,LuxuryExpo
$375.00,Movado Bold Silver Dial Grey Silicone Ladies Watch 3600412,AUTHENTICWATCHES COM
$399.00,"Movado Women's Museum Yellow Gold Watch with a Concave Dot, Silver/Gold/Black Strap (Model: 607275)",Platinum-Deals
$535.50,"Movado Women's Museum Yellow Gold Watch with a Concave Dot, Silver/Gold/Black Strap (Model: 607275)",Daily Fashion Craze
$595.00,"Movado Women's Museum Yellow Gold Watch with a Concave Dot, Silver/Gold/Black Strap (Model: 607275)",Zappos
$312.24,Movado Men's Bold - 3600454 Gunmetal One Size,Horology Outlet
$399.00,Women's Museum Watch with Stainless Steel Strap,Todays Deals
$495.00,Women's Museum Watch with Stainless Steel Strap,AUTHENTICWATCHES COM
$355.00,Movado Bold Black Dial Men's Watch 3600527,AUTHENTICWATCHES COM
$329.00,"Movado Women's Museum Stainless Steel Watch with Concave Dot, Silver/Black Strap (Model: 607274)",Platinum-Deals
$647.90,"Movado Ultra Slim, Stainless Steel Case, White Dial, Stainless Steel Bracelet, Women, 0607171",Watchsavings
$383.90,Movado Men's Ultra Slim Yellow Pvd Case with a Grey Dial on a Grey Calfskin Strap (Model:0607376),Altman Luggage Co.
$395.00,Movado Women's Bold - 3600437 Yellow Gold Ion-Plated One Size,AUTHENTICWATCHES COM
$348.25,Movado Rondiro Quartz Movement Black Dial Ladies Watch 0607065,Daily Fashion Craze
$349.00,Movado Rondiro Quartz Movement Black Dial Ladies Watch 0607065,Luxury Bazaar
$349.00,Movado Rondiro Quartz Movement Black Dial Ladies Watch 0607065,Luxury Bazaar
$371.45,Movado Rondiro Quartz Movement Black Dial Ladies Watch 0607065,Watchsavings
$413.00,Movado Rondiro Quartz Movement Black Dial Ladies Watch 0607065,Pass the Watch
$575.00,"Movado Men's BOLD Sport Khaki PVD Watch with a Printed Index Dial, Brown/Black (Model 3600511)",Daily Fashion Craze
$412.50,Movado Ultra Slim Black Dial Black Leather Men's Watch 0607173,Watchsavings
$428.22,Movado Ultra Slim Black Dial Black Leather Men's Watch 0607173,Horology Outlet
$238.01,"Movado Women's Swiss-Quartz Watch with Gold-Plated-Stainless-Steel Strap, Rose, 19 (Model: 3600417)",Watchsavings
$239.00,"Movado Women's Swiss-Quartz Watch with Gold-Plated-Stainless-Steel Strap, Rose, 19 (Model: 3600417)",Pass the Watch
$395.00,"Movado Women's Swiss-Quartz Watch with Gold-Plated-Stainless-Steel Strap, Rose, 19 (Model: 3600417)",AUTHENTICWATCHES COM
$234.00,Movado Womens Swiss Edge Gold-Tone Stainless Steel Bangle Bracelet Watch 3680021,Horology Outlet
$162.00,"Movado Women's Stainless Steel Swiss-Quartz Watch with Silicone Strap, Blue, 20 (Model: 3660011)",Horology Outlet
$399.77,Movado Women's Masino 0607027 Gold Stainless-Steel Swiss Quartz Fashion Watch,WatchMaxx
$499.73,Movado Women's Masino 0607027 Gold Stainless-Steel Swiss Quartz Fashion Watch,Global Precious Brands LLC
$262.90,Movado Ultra Slim Gold Dial Ladies Watch 0607158,Watchsavings
$287.62,Movado Ultra Slim Gold Dial Ladies Watch 0607158,Horology Outlet
$299.00,Movado Ultra Slim Gold Dial Ladies Watch 0607158,Todays Deals
$419.00,Movado Men's Ultra Slim Grey Mid Pvd Case with a Blue Dial on a Navy Calfskin Strap (Model:0607400),Imperial123
$425.00,Movado Men's Ultra Slim Grey Mid Pvd Case with a Blue Dial on a Navy Calfskin Strap (Model:0607400),Watchsavings
$499.00,Movado Men's Ultra Slim Grey Mid Pvd Case with a Blue Dial on a Navy Calfskin Strap (Model:0607400),Authenticwatchesoutlet
$499.00,Movado Men's 3600098 Bold Analog Display Swiss Quartz Black Watch,Authenticwatchesoutlet
$945.00,"Movado Series 800, Stainless Steel Case, Green Dial, Stainless Steel Bracelet, Women, 2600136",Daily Fashion Craze
$544.50,"Movado Museum, Black and 5N Pvd Case, Black Dial, Black Calfskin Strap, Men, 0607358",Watchsavings
$555.00,Movado Stainless Steel Case (Model: 3600560),RM JEWELRY
$565.00,Movado Stainless Steel Case (Model: 3600560),Daily Fashion Craze
$277.18,Movado Black Dial Stainless Steel Ladies Watch 0606558,Todays Deals
$367.98,Movado Bold Blue IP Stainless Steel Ladies Watch 3600425,Luxuryfreeshop
$369.47,Movado Bold Blue IP Stainless Steel Ladies Watch 3600425,Horology Outlet
$354.00,Movado 1881 Silver Dial Stainless Steel Ladies Watch 0607098,Horology Outlet
$386.90,Movado Stiri Black Dial Ladies Watch 0606942,WatchMaxx
$595.00,Movado Stiri Black Dial Ladies Watch 0606942,AUTHENTICWATCHES COM
$595.00,"Movado Women's BOLD Sugar Dial Rose Gold Watch with Flat Dot, Gold/Pink (Model 3600503)",GoldNtime
$795.00,Movado Black Dial Two-Tone Men's Watch 0607083,Daily Fashion Craze
$367.30,"Movado Women's Swiss-Quartz Watch with Gold-Plated-Stainless-Steel Strap, Rose, 15 (Model: 3600435)",Luxuryfreeshop
$368.79,"Movado Women's Swiss-Quartz Watch with Gold-Plated-Stainless-Steel Strap, Rose, 15 (Model: 3600435)",Horology Outlet
$494.00,Movado Evolution Blue Pvd Watch (Model: 3600510),WatchMaxx
$550.00,"Movado Connect 2.0 Unisex Powered with Wear OS by Google Stainless Steel and Pink Leather Smartwatch, Color: Pink (Model: 3660023)",Amazon
$378.00,"Movado Men's 0606507 ""Museum"" Stainless Steel Watch",Advance Buy
$378.00,"Movado Men's 0606507 ""Museum"" Stainless Steel Watch",Magnum O
$239.00,Museum Men's Watch,Imperial123
$249.00,Museum Men's Watch,Todays Deals
$695.00,"Movado Bold, Ionic Gold Plated Steel Case, Black Dial, Gold Plated Steel Bracelet, Men, 3600605",RM JEWELRY
$695.00,Movado Men's Swiss Quartz Stainless Steel and Brown Leather Casual Watch (Model: 3600367),AUTHENTICWATCHES COM
$512.86,"Movado Men's Museum Stainless Steel Watch with a Concave Dot Museum Dial, Silver/Blue (Model 607212)",Horology Outlet
$516.75,"Movado Men's Museum Stainless Steel Watch with a Concave Dot Museum Dial, Silver/Blue (Model 607212)",Todays Deals
$495.00,Movado Men's 605746 Sport Silver/Black Stainless Steel Watch,AUTHENTICWATCHES COM
$405.84,"Movado Men's Swiss-Quartz Watch with Gold-Plated-Stainless-Steel Strap, 22 (Model: 3600373)",Horology Outlet
$560.49,"Movado Bold, TR90 Stainless Steel Case, Black Dial, Stainless Steel Bracelet, Black, Men, 3600101",WatchMaxx
$689.00,"Movado Bold, TR90 Stainless Steel Case, Black Dial, Stainless Steel Bracelet, Black, Men, 3600101",RM JEWELRY
$750.00,"Movado Bold, TR90 Stainless Steel Case, Black Dial, Stainless Steel Bracelet, Black, Men, 3600101",Zappos
$260.00,"Movado Women's BOLD Iconic Metal Rose Gold Watch with Sunray Dial, Gold/Pink (Model 3600550)",Watchsavings
$389.00,"Movado Women's BOLD Iconic Metal Rose Gold Watch with Sunray Dial, Gold/Pink (Model 3600550)",Luxuryfreeshop
$650.00,"Movado Women's BOLD Iconic Metal Rose Gold Watch with Sunray Dial, Gold/Pink (Model 3600550)",Zappos
$495.00,"Movado Connect 2.0 Unisex Powered with Wear OS by Google Stainless Steel and Pink Sand Fabric Smartwatch, Color: Pink (Model: 3660025)",Amazon
$269.00,Movado Bold Blue Dial Leather Mens Watch 3600408,Advance Buy
$270.69,Movado Bold Blue Dial Leather Mens Watch 3600408,Todays Deals
$299.00,Movado Bold Blue Dial Leather Mens Watch 3600408,Pass the Watch
$665.00,Movado Bold Quartz Movement Black Dial Men's Watch 3600513,Todays Deals
$550.00,"Movado Connect 2.0 Unisex Powered with Wear OS by Google Stainless Steel and Black Leather Smartwatch, Color: Black (Model: 3660028)",Amazon
$642.59,"Movado Connect 2.0 Unisex Powered with Wear OS by Google Stainless Steel and Black Leather Smartwatch, Color: Black (Model: 3660028)",Global Precious Brands LLC
$325.00,Movado Bold Brown Dial Stainless Steel Bracelet Unisex Watch 3600189,Todays Deals
$191.87,Movado Women s Swiss Quartz ROSEGOLD Plated Casual Watch Model 3600441,Watchsavings
$192.86,Movado Women s Swiss Quartz ROSEGOLD Plated Casual Watch Model 3600441,WatchMaxx
$360.00,Movado Women s Swiss Quartz ROSEGOLD Plated Casual Watch Model 3600441,Pass the Watch
$306.90,Movado Bold Sport Chronograph Quartz Black Dial Men's Watch 3600517,Watchsavings
$457.00,Movado Bold Sport Chronograph Quartz Black Dial Men's Watch 3600517,Todays Deals
$495.00,"Movado Connect 2.0 Unisex Powered with Wear OS by Google Stainless Steel and Black Velcro Fabric Smartwatch, Color: Black (Model: 3660031)",Amazon
$269.00,Movado Bold Black Dial Khaki Ion-Plated Men's Watch 3600511,Watchsavings
$269.99,Movado Bold Black Dial Khaki Ion-Plated Men's Watch 3600511,UNOOWHOLESALE
$295.90,Movado Men's 605023 Juro Stainless-Steel Watch,Watchsavings
$775.00,"Movado Connect 2.0 Unisex Powered with Wear OS by Google Stainless Steel and Ionic Light Gold 2 Plated Steel Smartwatch, Color: Yellow (Model: 3660036)",RM JEWELRY
$795.00,"Movado Connect 2.0 Unisex Powered with Wear OS by Google Stainless Steel and Ionic Light Gold 2 Plated Steel Smartwatch, Color: Yellow (Model: 3660036)",Amazon
$495.00,"Movado Bold, Ionic Plated Grey Steel Case, Grey Dial, Grey Steel Mesh Bracelet, Men, 3600561",Todays Deals
$548.00,Movado Men's 0606780 Sapphire Synergy Stainless Steel Watch with Black Rubber Band,Magnum O
$548.90,Movado Men's 0606780 Sapphire Synergy Stainless Steel Watch with Black Rubber Band,Watchsavings
$750.00,Movado Men's 0606780 Sapphire Synergy Stainless Steel Watch with Black Rubber Band,Pass the Watch
$434.61,Movado Museum Classic Black Dial Men's Watch 0607196,Global Precious Brands LLC
$439.00,Movado Museum Classic Black Dial Men's Watch 0607196,Luxury Bazaar
$771.15,"Movado Connect 2.0 Unisex Powered with Wear OS by Google Stainless Steel and Ionic Plated Black Steel Smartwatch, Color: Black (Model: 3660037)",Amazon
$299.01,"Movado Mens Heritage Rose Gold Chronograph Watch with Printed Index, Black/Brown/Pink/Gold (3650021)",Watchsavings
$314.25,Movado Edge Copper Dial Stainless Steel Men's Watch 3680023,Daily Fashion Craze
$314.99,Movado Edge Copper Dial Stainless Steel Men's Watch 3680023,Todays Deals
$307.98,Movado Edge Rose Gold Toned Aluminum Dial Quartz Womens Watch 3680013,Watchsavings
$349.00,Movado Edge Rose Gold Toned Aluminum Dial Quartz Womens Watch 3680013,Todays Deals
$350.00,Movado Edge Rose Gold Toned Aluminum Dial Quartz Womens Watch 3680013,Decor plus
$355.00,Movado Edge Rose Gold Toned Aluminum Dial Quartz Womens Watch 3680013,WatchMaxx
$356.00,Movado Edge Rose Gold Toned Aluminum Dial Quartz Womens Watch 3680013,Pass the Watch
$495.00,Movado Edge Rose Gold Toned Aluminum Dial Quartz Womens Watch 3680013,AUTHENTICWATCHES COM
$565.48,"Movado Women's Swiss Quartz and Stainless-Steel Casual Watch, Color:Gold-Toned (Model: 0607054)",WatchMaxx
$729.94,"Movado Women's Swiss Quartz and Stainless-Steel Casual Watch, Color:Gold-Toned (Model: 0607054)",Global Precious Brands LLC
$464.00,"Movado Women's BOLD Iconic Metal Yellow Gold Watch with a Flat Dot Sunray Dial, Gold (Model 3600085)",Todays Deals
$464.00,"Movado Women's BOLD Iconic Metal Yellow Gold Watch with a Flat Dot Sunray Dial, Gold (Model 3600085)",WatchMaxx
$597.97,"Movado Women's BOLD Iconic Metal Yellow Gold Watch with a Flat Dot Sunray Dial, Gold (Model 3600085)",GoldNtime
$367.31,Movado Men's Heritage Black Leather Band Steel Case Sapphire Crystal Swiss Quartz Analog Watch 3650048,Todays Deals
$367.31,Movado Edge Men's 40 mm Blue Silicone strap watch 3680042,Todays Deals
$654.50,Movado Men's 0606914 Analog Display Swiss Automatic Silver Watch,Watchsavings
$685.40,Movado Men's 0606914 Analog Display Swiss Automatic Silver Watch,Global Precious Brands LLC
$750.00,Movado Men's 0606914 Analog Display Swiss Automatic Silver Watch,Pass the Watch
$273.90,"Movado Women's Heritage Yellow Gold Watch with a Printed Index Dial, Gold/White (Model 3650046)",Watchsavings
$219.98,Movado Men's 2100002 Museum Black Stainless Steel Watch,Watchsavings
$238.09,Movado Men's 2100002 Museum Black Stainless Steel Watch,VirVentures
$249.99,Movado Men's 2100002 Museum Black Stainless Steel Watch,Advance Buy
$377.28,Movado Ladies Museum Classic Analog Business Quartz Watch (Imported) 0607016,Horology Outlet
$494.25,Movado Amorosa Stainless Watch (Model: 0607153),Daily Fashion Craze
$495.00,Movado Amorosa Stainless Watch (Model: 0607153),Zappos
$429.95,"Movado Women's BOLD Luxe Two Tone Watch with Roman Index Dial, Silver/Gold (Model 3600256)",Angel Seller
$449.99,"Movado Women's BOLD Luxe Two Tone Watch with Roman Index Dial, Silver/Gold (Model 3600256)",WhoIsCamera
$318.98,"Movado Men's BOLD Sport Black PVD Watch with a Printed Index Dial, Blue/Black (Model 3600495)",Watchsavings
$358.00,"Movado Men's BOLD Sport Black PVD Watch with a Printed Index Dial, Blue/Black (Model 3600495)",Pass the Watch
$425.00,Movado Ionic Plated Blue Steel Case (Model: 3600585),Daily Fashion Craze
$470.00,Movado Stainless Steel Case (Model: 3600589),Daily Fashion Craze
$178.57,Movado Bold Silver Dial Blue Rubber Strap Women's Watch 3600427,WatchMaxx
$178.57,Movado Bold Silver Dial Blue Rubber Strap Women's Watch 3600427,WatchMaxx
$349.00,Movado Bold Silver Dial Blue Rubber Strap Women's Watch 3600427,AUTHENTICWATCHES COM
$695.00,"Movado Connect 2.0 Unisex Powered with Wear OS by Google Stainless Steel and Stainless Steel Smartwatch, Color: Silver (Model: 3660032)",Amazon
$458.00,Movado Museum Stainless Steel Watch (Model: 0607219),Watchsavings
$459.99,Movado Museum Stainless Steel Watch (Model: 0607219),Todays Deals
$625.50,Movado Museum Stainless Steel Watch (Model: 0607219),Daily Fashion Craze
$795.00,Movado Museum Stainless Steel Watch (Model: 0607219),Zappos
$373.87,Movado Bold Quartz Movement Silver Dial Ladies Watch 3600497,Luxuryfreeshop
$375.36,Movado Bold Quartz Movement Silver Dial Ladies Watch 3600497,Todays Deals
$380.18,Movado Bold Quartz Movement Silver Dial Ladies Watch 3600497,Horology Outlet
$595.00,Movado Bold Quartz Movement Silver Dial Ladies Watch 3600497,GoldNtime
